Title,Producer,Year,MaxAge,MinAge,MaxPlayers,MinPlayers,MaxDuration,MinDuration,Deleted
Большая Бродилка,GaGa Games,2020,150,8,5,2,30,30,False
Кодовые Имена,GaGa Games,2020,150,10,8,2,30,30,False
Уно,Mattel,2008,150,7,10,2,30,30,False
Unmatched: Туман над Мостовой,GaGa Games,2020,150,12,4,2,30,30,False
Нуар,GaGa Games,2011,150,12,9,2,60,30,False
Длина Волны,GaGa Games,2011,150,14,12,2,30,30,False
Каркассон. Средневековье (Новое Издание),Hobby World,2022,150,8,5,2,90,30,False
Чужая Планета,GaGa Games,2008,150,10,7,2,30,30,False
Unmatched: Битва Легенд,GaGa Games,2017,150,9,4,2,30,30,False
Битва Пяти Воинств,GaGa Games,2014,150,13,2,2,240,60,False
Руины Острова Арнак,GaGa Games,2019,150,12,4,1,120,60,False
Монополия,Hasbro,2010,150,8,6,2,60,30,False
Гоббит,GaGa Games,2015,150,6,8,2,30,30,False
Гномы-Вредители Делюкс,Стиль Жизни,2010,150,8,12,2,30,30,False
Билет на Поезд по Европе,Hobby World,2008,150,8,5,2,90,60,False
Каркассон Королевский Подарок (Новое Издание),Hobby World,2016,150,8,5,2,90,30,False
Res Arcana,GaGa Games,2013,150,14,4,2,60,30,False
Детектив. Игра о Современном Расследовании,GaGa Games,2014,150,16,5,1,180,120,False
Натиск!,GaGa Games,2012,150,12,2,1,30,15,False
Последнее Послание,GaGa Games,2022,150,8,8,3,15,15,False
Доббль,Asmodee,2014,150,6,8,2,30,30,False
Драфтозавры,GaGa Games,2020,150,6,5,2,30,15,False
Дженга,Hasbro,2019,150,6,8,2,30,30,False
Париж. Город Огней,GaGa Games,2017,150,8,2,2,30,30,False
Коварный Лис,Стиль Жизни,2009,150,5,4,2,30,30,False
Манчкин,Hobby World,2016,150,12,6,3,30,30,False
ЧПОК,GaGa Games,2022,150,18,8,2,15,15,False
Королевский Бирпонг,GaGa Games,2022,150,18,20,2,30,30,False
Дэни. Голоса в Голове,GaGa Games,2018,150,18,8,3,30,30,False
Пей! Пей! Пей!,GaGa Games,2017,150,18,30,3,15,15,False
Взрывные Котята,Hobby World,2021,150,10,5,2,30,30,False
Крошечные Города,GaGa Games,2022,150,10,6,1,60,30,False
Космические Дальнобойщики,GaGa Games,2009,150,8,4,2,30,30,False
Цитадели Classic,Hobby World,2013,150,10,7,2,60,30,False
Диксит,Стиль Жизни,2019,150,8,6,3,30,30,False
Остров Кошек,GaGa Games,2021,150,8,4,1,90,60,False
Res Arcana: Lux et Tenebrae,GaGa Games,2009,150,14,5,2,60,30,False
Res Arcana: Perlae Imperii,GaGa Games,2019,150,14,5,2,60,30,False
Страдающее Средневековье,New Making Studio,2014,150,18,6,3,60,30,False
Кодовые Имена. Картинки,GaGa Games,2009,150,10,8,2,30,30,False
Красный Собор,GaGa Games,2021,150,10,4,1,90,60,False
Свинтус,Hobby World,2021,150,5,8,2,30,30,False
Я Никогда Не,GaGa Games,2013,150,18,2,2,30,30,False
Мафия. Город Засыпает,GaGa Games,2018,150,13,18,6,30,30,False
Кодовые Имена. Дуэт,GaGa Games,2014,150,11,2,2,30,30,False
Bullet,GaGa Games,2017,150,12,4,1,15,15,False
Повелитель Токио,GaGa Games,2021,150,8,6,2,30,30,False
Муза,GaGa Games,2016,150,10,12,2,30,30,False
Взрывные Котята. Взрослая Версия 18+,Hobby World,2017,150,18,5,2,30,30,False
Солнечный Шторм,GaGa Games,2020,150,10,4,1,60,30,False
Опасные Слова,GaGa Games,2015,150,8,8,4,60,30,False
Экосистема,GaGa Games,2022,150,10,6,1,30,15,False
Орлеан,GaGa Games,2015,150,12,4,2,90,60,False
Мастер Слов,Gaga Games,2021,150,12,6,3,15,5,False
Босс-Монстр,GaGa Games,2018,150,12,4,2,30,30,False
ТВСТР,GaGa Games,2011,150,6,4,2,30,30,False
Экивоки (3-е издание),Экивоки,2012,150,16,16,2,60,30,False
Бэнг!,Hobby World,2013,150,12,7,4,30,30,False
Пандемия,Стиль Жизни,2008,150,8,4,2,60,60,False
Медвежий Парк,GaGa Games,2009,150,8,4,2,60,30,False
Неустрашимые: Северная Африка,GaGa Games,2015,150,14,2,2,60,30,False
Мачи Коро,Hobby World,2021,150,7,5,2,30,30,False
Дорога Приключений,GaGa Games,2012,150,12,4,1,30,30,False
Древний Ужас,Hobby World,2013,150,14,8,1,120,90,False
Кодовые Имена. Глубоко под Прикрытием,GaGa Games,2019,150,18,8,4,30,30,False
Спасите Дино,GaGa Games,2013,150,6,4,1,30,30,False
Alias Party 2,Tactic games,2013,150,12,20,4,60,30,False
Разум,GaGa Games,2016,150,8,4,2,30,30,False
Кошачья Лапка,GaGa Games,2021,150,6,4,1,30,30,False
Alias 3,Tactic games,2022,150,10,4,4,60,60,False
ИлиТо,GaGa Games,2018,150,18,17,3,30,30,False
Взломай Код,GaGa Games,2022,150,10,4,2,15,15,False
Атака Кракена,GaGa Games,2022,150,7,4,1,30,30,False
КотоКафе,GaGa Games,2021,150,10,4,2,30,30,False
Кофе,GaGa Games,2019,150,10,4,1,30,30,False
54 Градуса,GaGa Games,2015,150,18,2,2,30,30,False
Мафия с масками. Подарочный набор,Бэмби,2016,150,15,20,6,60,60,False
Башня 54,GaGa Games,2022,150,10,2,2,30,30,False
Детектив: Первый Сезон,GaGa Games,2017,150,16,5,1,120,90,False
Липкие Хамелеоны,GaGa Games,2008,150,6,6,2,30,30,False
Монстр по Соседству,GaGa Games,2019,150,8,8,3,30,30,False
Тролль и Дракон,GaGa Games,2009,150,7,5,2,30,30,False
Миры Ктулху,GaGa Games,2019,150,13,4,2,60,30,False
Сиггил,GaGa Games,2012,150,8,4,1,30,30,False
Ужас Аркхэма. Третья Редакция,Hobby World,2018,150,14,6,1,150,150,False
ЧПОК 2,GaGa Games,2011,150,18,8,3,15,15,False
ЧПОК Карманный,GaGa Games,2008,150,18,8,2,15,15,False
Уотергейт,GaGa Games,2010,150,12,2,2,60,30,False
Санктум,GaGa Games,2009,150,14,4,2,90,90,False
Картахена,GaGa Games,2022,150,8,5,2,60,30,False
Море Облаков,GaGa Games,2013,150,10,4,2,30,30,False
Диксит: Одиссея,Asmodee,2021,150,8,12,3,60,30,False
Сумеречная Борьба,GaGa Games,2016,150,14,2,2,180,90,False
Сырный Замок,Zoch,2020,150,6,4,2,30,30,False
Мерв,GaGa Games,2016,150,14,4,1,120,90,False
Маленький Мир,Days of Wonder,2016,150,8,5,2,90,60,False
Война Кольца,GaGa Games,2010,150,13,4,2,180,150,False
Кольт Экспресс,Ludonaute,2008,150,10,6,2,60,30,False
7 Чудес. Новый дизайн,Стиль Жизни,2013,150,10,7,3,60,30,False
Ни Шагу Назад!,GaGa Games,2009,150,16,2,2,120,120,False
Алхимики,GaGa Games,2014,150,12,4,2,120,90,False
Барабашка,Zoch,2016,150,6,8,2,30,30,False
ИлиТо 2,GaGa Games,2012,150,18,18,3,30,15,False
Эпичные Схватки Боевых Магов. Битва на Горе Черепламени,Hobby World,2019,150,16,6,2,30,30,False
Эпичные Схватки Боевых Магов: Переполох в Хоромах Страсти,Hobby World,2015,150,18,6,2,30,30,False
Эпичные Схватки Боевых Магов: Лютый Дебош в Адской Школе,Hobby World,2009,150,18,6,2,60,30,False
Кескифе?,GaGa Games,2014,150,8,8,4,30,30,False
3 Секрета,GaGa Games,2008,150,18,8,2,30,30,False
Цолькин: Календарь Майя,GaGa Games,2018,150,14,4,2,90,90,False
Мафия. Большой Город,GaGa Games,2022,150,14,18,6,60,30,False
Я Никогда Не 2,GaGa Games,2012,150,18,2,2,30,30,False
ВонгаМания. Банановая Экономика,GaGa Games,2012,150,13,5,2,30,30,False
Алкополия. Тур по Барам,GaGa Games,2011,150,18,8,2,30,30,False
Печенька 2.0,GaGa Games,2010,150,10,6,2,30,30,False
Спящие Королевы,Стиль Жизни,2010,150,7,5,2,30,30,False
Звездные Империи. Подарочное издание,Hobby World,2018,150,12,2,1,60,30,False
За бортом!,Magellan,2010,150,16,6,4,60,30,False
13 Привидений,GaGa Games,2020,150,8,4,2,30,30,False
Свинтус Правила Этикета,Hobby World,2022,150,8,10,2,30,30,False
Миниферма,GaGa Games,2011,150,5,4,1,30,30,False
Тэнно,GaGa Games,2009,150,8,7,2,30,30,False
Спойлер ,Экивоки ,2019,150,12,6,3,30,30,False
Трамвай Смерти,Magellan,2008,150,18,13,3,15,15,False
На Грани,GaGa Games,2010,150,12,2,2,60,30,False
Омига,GaGa Games,2008,150,6,4,1,30,30,False
Руммикуб. Мини,Kod Kod,2011,150,7,4,2,30,30,False
Расхитители Подземелий,GaGa Games,2009,150,8,5,3,30,30,False
Экивоки. Полный Вперед!,Экивоки,2017,150,10,16,2,30,30,False
Это Факт! Страны,GaGa Games,2016,150,7,6,2,30,30,False
Цитадели Делюкс,Hobby World,2016,150,12,8,2,60,30,False
Red7,Hobby World,2013,150,9,4,2,30,30,False
Unmatched: Робин Гуд vs. Бигфут,GaGa Games,2010,150,9,2,2,30,15,False
7 Чудес. Дуэль,Стиль Жизни,2010,150,10,2,2,30,30,False
Руммикуб,Kod Kod,2010,150,7,4,2,60,60,False
Тик Так Бумм!,Piatnik,2008,150,12,12,2,30,30,False
Свинтус 2.0,Hobby World,2014,150,6,10,2,30,30,False
Бункер 3.0,Экономикус,2017,150,18,16,4,60,30,False
Мемори. Ферма,GaGa Games,2009,150,3,8,2,30,30,False
Доббль. Гарри Поттер,asmodee,2014,150,6,8,2,15,10,False
Черепашьи Бега,Hobby World,2009,150,4,5,2,30,30,False
Сквозь Века: Новая История Цивилизации,GaGa Games,2018,150,13,4,2,240,120,False
Серп,Crowd Games,2020,150,14,5,1,90,90,False
Ужас Аркхэма. Карточная игра,Hobby World,2016,150,13,2,1,120,60,False
Активити 2. Оригинальная,Piatnik,2012,150,12,16,3,90,60,False
Пес Попутал,GaGa Games,2014,150,8,5,2,30,30,False
Зомби в Доме,Magellan,2022,150,12,5,2,60,30,False
Русский Манчкин ,Hobby World,2016,150,12,6,3,60,30,False
Неустрашимые: Нормандия,GaGa Games,2014,150,14,2,2,90,60,False
Джентльменская Сделка,GaGa Games,2018,150,13,9,5,30,30,False
Корова 006,Стиль Жизни,2012,150,8,10,2,60,30,False
Битва Полов,Бэмби,2008,150,16,20,2,60,60,False
Находка для Шпиона 2,Hobby World,2015,150,13,12,3,30,30,False
Иллюзия,GaGa Games,2011,150,8,5,2,30,30,False
Сопротивление,Magellan,2010,150,13,10,5,60,30,False
Эпичные Схватки Боевых Магов. Месиво на Грибучем Болоте,Hobby World,2011,150,18,6,2,30,30,False
Эпичные Схватки Боевых Магов: Крутагидон,Hobby World,2021,150,18,5,2,90,30,False
Звездные Империи,Hobby World,2016,150,12,2,2,60,30,False
Ётта,Стиль Жизни,2016,150,8,4,2,30,30,False
Набор Res Arcana + 2 дополнения (Res Arcana: Lux et Tenebrae + Res Arcana: Perlae Imperii),GaGa Games,2021,150,14,5,2,60,30,False
Набор дополнений к Res Arcana (Res Arcana: Lux et Tenebrae + Res Arcana: Perlae Imperii),GaGa Games,2012,150,14,5,2,60,30,False
Pixel Tactics,GaGa Games,2009,150,12,2,2,60,30,False
Pixel Tactics 5,GaGa Games,2021,150,12,2,2,60,30,False
Запретный Остров,Стиль Жизни,2019,150,8,4,2,30,30,False
Запретная Пустыня,Стиль Жизни,2021,150,8,5,2,30,30,False
Замес,Hobby World,2017,150,12,4,2,60,30,False
Эволюция Подарочный Набор,Правильные Игры,2008,150,12,8,2,60,30,False
Шериф Ноттингема,Lavka Games,2010,150,12,6,3,60,30,False
Эпичные Схватки Боевых Магов. Бесчинство в Замке Спрутобойни,Hobby World,2014,150,18,6,2,30,30,False
Правда или Действие?! Вечеринка 18+,Хэппи Банч,2022,150,18,2,2,30,30,False
Элементарно! Смерть Археолога,Стиль Жизни,2012,150,8,8,1,60,30,False
Королевский Замок,GaGa Games,2016,150,6,4,2,30,30,False
Элементарно! Последний Шанс,Стиль Жизни,2012,150,8,8,1,60,30,False
Обломи Меня,GaGa Games,2019,150,12,8,4,30,30,False
Зверобуквы,Банда умников,2014,150,4,5,2,30,30,False
Букводжем,GaGa Games,2022,150,10,6,2,30,30,False
Крошечные Эпические Королевства,GaGa Games,2019,150,14,5,2,60,30,False
Несс,GaGa Games,2022,150,8,6,3,30,30,False
Соображарий,Hobby World,2019,150,7,10,2,30,30,False
Клинок и Колдовство. Бессмертные Души,GaGa Games,2017,150,13,5,1,90,60,False
Fallout. Настольная игра,Hobby World,2015,150,13,4,1,180,120,False
"Пёсики, вперёд!",GaGa Games,2019,150,6,4,1,30,30,False
Высшее Общество,GaGa Games,2019,150,10,5,3,30,30,False
"Торре, Сорви Башню!",Десятое Королевство,2011,150,7,10,2,30,5,False
Крокодил ВсякоРазный,Magellan,2018,150,12,16,4,120,30,False
Венский Связной,GaGa Games,2018,150,16,5,1,180,120,False
Элементарно! Убийство в День Независимости,Стиль Жизни,2020,150,8,8,1,60,30,False
Селестия,Эврикус,2022,150,8,6,2,60,60,False
Вот Это Вопрос!,GaGa Games,2008,150,15,6,3,30,30,False
Время Валеры,Magellan,2013,150,16,8,3,30,30,False
51 Штат,GaGa Games,2016,150,12,4,1,90,60,False
Остров Обезьян,Звезда,2020,150,5,5,2,30,30,False
Сет,Стиль Жизни,2020,150,8,8,1,30,30,False
In Love,Hobby World,2019,150,18,2,2,60,30,False
Коридор Мини,Gigamic,2010,150,8,4,2,30,30,False
Робинзон Крузо. Приключения на Таинственном Острове.,Hobby World,2021,150,12,4,1,90,60,False
Эрудит,Биплант,2019,150,7,4,2,60,30,False
Русское Лото,Ладья-С,2020,150,5,20,2,30,30,False
Эрудит: Сила Магнита,Биплант,2011,150,7,4,2,60,30,False
Русское Лото,Ладья-С,2016,150,5,20,2,30,30,False
Эрудит: Сила Магнита,Биплант,2017,150,7,4,2,60,30,False
Морской Бой,Восток,2010,150,7,2,2,30,30,False
Русское лото (картон),Русский Стиль,2010,150,6,2,2,30,30,False
Стальная Арена. Бои Роботов по Пятницам,GaGa Games,2014,150,12,4,2,30,30,False
Экивоки. Для Всей Семьи,Экивоки,2017,150,10,16,2,30,30,False
Гравити Фолз: Спасти Пухлю,Hobby World,2013,150,6,5,2,30,30,False
Картографы,Hobby World,2010,150,10,1,1,60,30,False
Скажите Сыр,GaGa Games,2019,150,8,4,2,30,30,False
Это Факт! Зоопарк,GaGa Games,2015,150,7,6,2,30,30,False
Элементарно! Секреты Миллионера,Стиль Жизни,2009,150,10,8,1,60,60,False
Элементарно! Гробовое Молчание,Стиль Жизни,2011,150,10,8,1,60,60,False
Ёрш Компакт,Magellan,2017,150,18,9,4,30,30,False
Элементарно! Смерть Дворецкого,Стиль Жизни,2011,150,10,8,1,60,60,False
Карманный Детектив. Дело 3: Время на Исходе,Лавка Игр,2008,150,10,6,1,60,60,False
Монополия Сделка,Hasbro,2021,150,8,5,2,30,30,False
Alias Party Travel 2,Tactic,2012,150,12,4,4,60,30,False
Элементарно! Проклятая Шахта,Стиль Жизни,2021,150,10,8,1,60,60,False
Элементарно! Пожар в Лаборатории,Стиль Жизни,2010,150,8,8,1,60,60,False
Экивоки. Мама Запретила,Экивоки,2014,150,16,16,2,30,30,False
Ярость Дракулы. Третья редакция,Fantasy Flight Games,2009,150,13,5,2,180,120,False
Пути Славы,GaGa Games,2010,150,16,2,2,240,240,False
Крошечное Эпическое Приключение,GaGa Games,2017,150,13,4,1,60,30,False
Время Валеры. Не Время для Приличий,Magellan,2022,150,18,8,3,60,30,False
Билет на Поезд по Северным Странам,Hobby World,2020,150,8,3,2,90,60,False
Повелитель Нью-Йорка,GaGa Games,2010,150,10,6,2,60,30,False
The Game,GaGa Games,2008,150,8,5,1,30,30,False
Зельеварение. Практикум,Правильные Игры,2014,150,11,8,2,60,30,False
Монополия. Рик и Морти,Hasbro,2022,150,17,6,2,60,60,False
Королевские Товары (Oh My Goods),GaGa Games,2009,150,10,4,1,30,30,False
Три Поросенка,GaGa Games,2014,150,7,5,2,30,30,False
Находка для Шпиона,Hobby World,2013,150,12,8,3,30,30,False
Бэнг! Звёздные Войны,Hobby World,2009,150,12,7,4,30,15,False
Читай-Хватай,Банда умников,2013,150,4,5,2,30,30,False
Карта Сокровищ,Hobby World,2020,150,10,4,2,30,30,False
Тик Так Бумм для детей ,Piatnik,2016,150,5,12,2,60,30,False
Это Факт! Россия,GaGa Games,2022,150,7,6,2,30,30,False
Элементарно! Пропавший без Вести,Стиль Жизни,2010,150,8,8,1,60,60,False
Элементарно! 13 заложников,Стиль Жизни,2009,150,8,8,1,60,60,False
Элементарно! Выстрелы на Рассвете,Стиль Жизни,2015,150,10,8,1,60,60,False
Элементарно! Нарушенный Покой,Стиль Жизни,2013,150,10,8,1,60,60,False
Карманный детектив. Дело 2: Опасные связи,Лавка Игр,2017,150,10,6,1,60,30,False
Активити Вперед!,Piatnik,2008,150,10,16,3,60,60,False
Хугермугер. Сиквел,GAMES Corporation,2021,150,14,10,3,30,30,False
Битва за Рокуган,Hobby World,2012,150,13,5,2,90,60,False
Exit-Квест. Заброшенный Дом,Звезда,2021,150,12,6,1,120,60,False
Му-хрю-бе-цыпл,GaGa Games,2008,150,8,4,2,30,30,False
Fluxx,Hobby World,2017,150,8,6,2,30,30,False
Крокодил ВзрослоОтвязный,Magellan,2019,150,18,16,3,60,30,False
Элементарно! Для Детей. Тайна Пропавшего Суриката,Стиль Жизни,2015,150,8,8,2,60,60,False
Дуэль Двух Миров,GaGa Games,2019,150,12,2,2,30,30,False
Квикс,GaGa Games,2019,150,8,5,2,30,10,False
Экивоки. Пижамная Вечеринка,Экивоки,2016,150,14,16,2,30,30,False
Паранормальный Детектив,Hobby World,2018,150,18,6,2,60,30,False
Детектор Правды,Cosmodrome Games,2009,150,18,10,3,30,30,False
Место Преступления,Hobby World,2013,150,12,4,1,90,60,False
Неудержимые Единорожки,Hobby World,2008,150,12,8,2,60,30,False
Фанты-Флирт ,Фанты,2021,150,18,16,4,240,30,False
Визуал,Стиль Жизни,2011,150,10,8,3,60,30,False
Цербер,Эврикус,2015,150,10,7,3,60,30,False
Жадюги,Стиль Жизни,2009,150,6,5,2,30,30,False
Зомби в Школе ,Стиль жизни,2012,150,7,4,2,30,15,False
Рик и Морти: Анатомический Парк,Hobby World,2019,150,16,4,2,60,30,False
Манчкин Стимпанк,Hobby World,2010,150,12,6,3,60,30,False
Красная Шапочка,GaGa Games,2022,150,7,5,1,30,30,False
Pixel Tactics 4,GaGa Games,2018,150,12,2,2,60,30,False
Мемори. Динозавры,GaGa Games,2011,150,3,8,2,15,10,False
Скрэббл/Скрабл Mattel,Mattel,2019,150,10,4,2,60,30,False
Пунги,GaGa Games,2012,150,8,5,3,30,30,False
Exit-Квест. Затонувшие Сокровища,Zvezda,2013,150,12,4,1,120,60,False
Данетки. Детективные Истории,Magellan,2020,150,12,8,2,30,30,False
Аббатство,GaGa Games,2019,150,10,4,2,30,30,False
Опята,Magellan,2020,150,18,7,3,60,30,False
Намёк Понял!,Стиль Жизни,2017,150,8,7,3,30,30,False
Время Приключений: Карточные Войны. Финн против Джейка,Hobby World,2010,150,10,2,2,30,30,False
Манчкин Апокалипсис,Hobby World,2016,150,12,6,3,60,30,False
Каркассон. Охотники и Собиратели (Новое издание),Hobby World,2015,150,8,5,2,90,30,False
Летчик Луи,Стиль Жизни,2010,150,4,4,2,30,30,False
Метро 2033 (второе издание),Hobby World,2010,150,12,6,2,120,60,False
Фанты-Флирт ,Фанты,2009,150,18,2,2,240,30,False
Властелин Колец. Странствия в Средиземье,Hobby World,2012,150,13,5,1,60,60,False
Codex. Стартовый набор,GaGa Games,2012,150,13,2,2,60,60,False
Эверделл,Hobby World,2013,150,14,4,1,90,60,False
Барамелька,Zoch,2015,150,6,8,2,30,30,False
Легендарный Манчкин,Hobby World,2014,150,12,6,3,90,30,False
Звёздные Войны: Внешнее Кольцо,Hobby World,2018,150,13,4,1,150,120,False
Мемо Удивительные Животные,Бэмби,2009,150,5,2,2,30,30,False
Карманный Детектив. Дело 1: Убийство в Университете,Лавка Игр,2011,150,10,6,1,60,60,False
Турбосчёт,Банда умников,2012,150,6,8,2,30,30,False
Монополия Большая Афера,Hasbro,2015,150,8,6,2,90,60,False
Мемо Подводный Мир,Нескучные игры,2014,150,5,2,2,30,15,False
Крокодил ДетскоЛегкий,Magellan,2014,150,6,16,3,60,30,False
Гномы-Вредители: Дуэль,Стиль Жизни,2012,150,8,2,1,30,30,False
7 на 9,Magellan,2011,150,8,4,2,30,30,False
Гравити Фолз,Hobby World,2017,150,8,5,1,60,30,False
Exit-квест. Зловещий особняк,Zvezda,2014,150,12,4,1,120,60,False
Страшные Сказки,Hobby World,2010,150,14,4,2,30,30,False
Данетки. Всякая Всячина,Magellan,2015,150,8,8,2,30,30,False
Exit-Квест. Таинственный Замок,Звезда,2013,150,12,4,1,120,60,False
Фанты-Флирт №10 ,Фанты,2020,150,18,2,2,240,30,False
Pixel Tactics 2,GaGa Games,2011,150,12,2,2,60,30,False
Орифламма,Эврикус,2015,150,10,5,3,30,30,False
Письма Призрака,Экономикус,2022,150,6,12,2,60,30,False
Exit Квест. Комната Страха,Звезда,2010,150,10,6,1,120,60,False
Exit-Квест. Ограбление на Миссисипи,Звезда,2020,150,12,6,1,90,30,False
Замес: Война Без Конечностей,Hobby World,2010,150,12,2,2,30,30,False
Соображарий. Улетная Вечеринка,Hobby World,2013,150,18,10,2,30,30,False
Exit-Квест. Секретная Лаборатория,Звезда,2011,150,12,6,1,120,60,False
Exit-Квест. Гробница Фараона,Звезда,2014,150,12,6,1,120,60,False
Илос. Затерянный архипелаг,Эврикус,2009,150,10,5,2,60,30,False
Кодовые Имена XXL,GaGa Games,2013,150,10,8,2,30,30,False
Роскошь,Стиль Жизни,2008,150,10,4,2,30,30,False
Pathfinder. Настольная ролевая игра. Вторая редакция. Стартовый набор,Hobby World,2010,150,12,5,2,60,60,False
Маленький Мир: Подземный мир,Мир Хобби,2008,150,8,5,2,90,60,False
Денежный поток,Rich Dad,2021,150,10,6,2,240,120,False
Зеленые Просторы,GaGa Games,2020,150,12,4,2,60,30,False
Звёздные Войны: Восстание,Hobby World,2019,150,13,4,2,240,180,False
О Мышах и Тайнах,Crowd Games,2016,150,7,4,1,120,60,False
Зона: Тайны Чернобыля,Hobby World,2021,150,18,4,1,180,120,False
Побег из Психушки,Стиль Жизни,2018,150,12,8,1,120,60,False
Такеноко,Asmodee,2015,150,8,4,2,60,30,False
Манчкин Квест,Hobby World,2017,150,12,4,2,120,60,False
Марракеш,Gigamic,2019,150,8,4,2,30,30,False
Забытые Моря,Crowd Games,2010,150,18,7,3,240,120,False
Доббль. Холодное Сердце,Asmodee,2017,150,4,5,2,10,5,False
Кварто Мини,Gigamic,2013,150,8,2,2,30,30,False
Эра. Средневековье,Zvezda,2009,150,10,4,1,60,30,False
Гномы-Вредители. Древние Шахты,Стиль Жизни,2013,150,10,9,3,60,30,False
Шакал: Архипелаг,Magellan,2009,150,6,4,1,60,30,False
Скоростные Колпачки,Amigo,2021,150,6,4,2,30,30,False
ИлиТо Школьное,GaGa Games,2009,150,10,17,3,30,30,False
Звездные Империи. Колониальные Войны,Hobby World,2011,150,12,2,2,60,30,False
Совпадение,Hobby World,2010,150,10,8,3,30,15,False
Свинтус. Премиум-издание,Hobby World,2019,150,5,10,2,30,30,False
Свинтус Злоключения,Hobby World,2022,150,6,10,2,30,15,False
Сказочный Квартал,GaGa Games,2016,150,7,5,2,30,30,False
Зимняя Сказка,Нескучные игры,2018,150,4,4,2,60,30,False
Паровой Осел,GaGa Games,2009,150,14,4,2,60,30,False
"Да, Темный Властелин!",Hobby World,2018,150,12,9,4,30,30,False
Сокровища Флинта,Нескучные игры,2016,150,7,4,2,30,15,False
Exit-Квест. Полярная Станция,Звезда,2009,150,12,4,1,120,60,False
Мемо Картины Русских Художников,Бэмби,2021,150,5,2,2,30,30,False
Мой Клад,GaGa Games,2020,150,7,4,2,30,30,False
Время Приключений: Карточные Войны. Снежный Король против Марселин,Hobby World,2019,150,10,2,2,30,30,False
Pixel Tactics 3,GaGa Games,2011,150,12,2,2,60,30,False
Суперносорог,Hobby World,2008,150,5,5,2,30,30,False
Подземелье: Драконы Беспощадной Пустыни,Hobby World,2012,150,12,4,1,60,60,False
Подземелье. Гробница Повелителя Мертвых,Hobby World,2015,150,12,4,2,60,60,False
Подземелье. Обитель Чудовищ,Hobby World,2017,150,12,4,1,60,60,False
Синий Слоник,Стиль Жизни,2020,150,3,4,2,30,30,False
Exit-Квест. Убийство в Восточном Экспрессе,Zvezda,2016,150,12,4,1,120,60,False
Порт Пирей,GaGa Games,2016,150,12,6,3,60,30,False
Угадай Желание,GaGa Games,2018,150,8,6,3,30,30,False
Соображарий Два!!,Hobby World,2014,150,7,10,2,30,30,False
Мемо Космос,Бэмби,2020,150,5,2,2,30,30,False
Каркуша: Маленький Сад,Hobby World,2016,150,3,4,1,30,30,False
Мемо Весь Мир,Бэмби,2011,150,5,2,2,30,30,False
Ёрш Баня,Magellan,2015,150,18,9,4,30,30,False
Холмс: Шерлок и Майкрофт,GaGa Games,2014,150,10,2,2,30,30,False
Кахут,Стиль Жизни,2021,150,8,4,2,60,30,False
Одним Словом,Экономикус,2015,150,6,12,2,30,10,False
Паника в Лаборатории,Gigamic,2010,150,8,10,2,30,30,False
Фанты Абсент,Фанты,2013,150,18,2,2,240,30,False
Летняя Сказка,Нескучные игры,2011,150,4,4,2,60,30,False
Мемо: Флаги,Бэмби,2020,150,5,2,2,30,30,False
Котосовы,Банда Умников,2013,150,4,5,2,30,30,False
Друг-Утюг,Биплант,2012,150,5,6,2,30,30,False
Фанты Горячие Эксперименты,Фанты,2022,150,18,2,2,240,30,False
Время Приключений: Карточные Войны. БиМО против Леди Ливнерог,Hobby World,2011,150,10,2,2,30,30,False
Мемо Пернатый Мир,Tactic games,2021,150,5,5,2,30,30,False
Мемо Достопримечательности России,Бэмби,2022,150,5,2,2,30,30,False
Фрукто 10,Банда умников,2015,150,4,8,2,30,30,False
Деньги,GaGa Games,2019,150,10,5,3,30,30,False
Кольт Суперэкспресс,Россия ,2020,150,7,7,3,30,15,False
Воображарий,Hobby World,2010,150,12,9,3,30,30,False
Находка для Шпиона. Машина Времени,Hobby World,2020,150,13,8,2,30,30,False
Мельница. Уютные Истории,Crowd Games,2011,150,8,5,3,30,10,False
Манчкин Ктулху,Hobby World,2020,150,12,6,3,60,30,False
Данетки. Страсти-Мордасти,Magellan,2018,150,16,8,2,30,30,False
Геометрика,Банда умников,2022,150,7,8,2,30,30,False
Продано,Нескучные Игры,2022,150,8,6,3,30,30,False
Мяу-лабиринт,Interlude (Coctail Games),2021,150,6,4,2,30,30,False
Дос,Mattel,2018,150,7,4,2,30,30,False
Ведьмак. Настольная ролевая игра,Hobby World,2021,150,18,2,2,240,120,False
Время Приключений: Карточные Войны. Принцесса Бубыльгум против Принцессы Пупырки,Hobby World,2018,150,10,2,2,30,30,False
"Таверна Красный Дракон: Эльф, Русалки и Бутылка Рома",Hobby World,2008,150,18,4,2,60,30,False
Халли Галли,Стиль Жизни,2019,150,6,6,2,30,30,False
Adventure Games. Подземелье,Zvezda,2010,150,16,4,1,120,60,False
Читай-Хватай English,Банда Умников,2016,150,4,5,2,30,30,False
Вампирский Манчкин,Hobby World,2019,150,10,6,3,60,30,False
Эволюция. Новый Мир,Правильные Игры,2008,150,12,4,2,60,30,False
Языколом,Экономикус,2013,150,6,8,1,30,30,False
Барбарон,Zoch,2015,150,8,8,2,30,30,False
КрокоDeal,Бэмби,2008,150,10,4,4,90,60,False
Котэм Сити,Cosmodrome Games,2022,150,12,6,2,60,30,False
Слово за Слово,Звезда,2015,150,8,6,2,60,30,False
Шакал: Архипелаг. Издание 2020,Magellan,2019,150,6,4,2,60,30,False
Кортекс 3,Стиль Жизни,2008,150,8,6,2,30,30,False
Этажики,Банда Умников,2008,150,4,5,2,30,30,False
Это Моя Война,Бэмби,2019,150,18,6,1,90,60,False
Последний День Атлантиды,Стиль Жизни,2019,150,8,4,2,60,30,False
Кукарача,Ravensburger,2021,150,5,4,2,30,30,False
Индиго,Ravensburger,2016,150,8,4,2,30,30,False
Тик Так Бумм Вечеринка,Piatnik,2013,150,12,12,2,30,30,False
Клуэдо. Паутина Лжи,Hasbro,2009,150,8,6,2,60,30,False
Кодовые Имена. Картинки XXL,GaGa Games,2020,150,10,8,2,30,30,False
Весёлый Бобёр,Ravensburger,2016,150,4,4,1,30,30,False
Я - знаменитость,Нескучные игры,2009,150,10,20,2,30,30,False
Морской бой 2.0,Биплант,2011,150,6,2,2,30,30,False
Живые Картинки,Стиль Жизни,2013,150,4,6,2,30,30,False
Мемо Природные Чудеса России,Бэмби,2014,150,5,2,2,30,30,False
Мафия. Пластиковые карты,Magellan,2016,150,16,16,6,60,60,False
Салат Удачи,Hobby World,2014,150,12,6,2,30,5,False
Настольный Хоккей Степ. Стандарт Stiga,Stiga,2020,150,5,2,2,60,30,False
Монополия. Свинка Пеппа,Стиль Жизни,2011,150,4,4,2,30,10,False
Банда Братьев Райт,GaGa Games,2009,150,10,5,2,30,30,False
Бу-у-у!,GaGa Games,2020,150,7,6,2,30,30,False
Соображарий Junior,Hobby World,2018,150,5,6,2,30,30,False
Большой Улов,GaGa Games,2021,150,8,6,2,30,30,False
Дорога Приключений: Архив Буресвета,GaGa Games,2012,150,12,4,1,60,30,False
Фанты Любовный Марафон,Фанты,2008,150,18,2,2,240,30,False
"Нет уж, Спасибо!",Стиль Жизни,2015,150,8,7,3,30,30,False
Биржа,GaGa Games,2016,150,13,5,2,60,30,False
Кортекс 2,Стиль Жизни,2018,150,8,6,2,30,30,False
Соображарий Супер,Hobby World,2013,150,8,10,2,30,5,False
Соображарий Турбо,Hobby World,2022,150,7,6,2,30,30,False
Много-Много,Банда умников,2015,150,5,5,2,30,30,False
Кортекс для Детей,Стиль Жизни,2014,150,6,6,2,30,30,False
Сундучок Знаний. Учим Английский,BrainBox,2020,150,8,10,1,30,30,False
Королевство Кроликов,GaGa Games,2014,150,14,4,2,60,30,False
Brainy Trainy. Логика,Банда Умников,2011,150,6,15,1,30,10,False
Зомби в Городе,Стиль Жизни,2010,150,8,4,2,30,15,False
Время Приключений. Карточные Войны: Лимонохват против Гантера,Hobby World,2013,150,10,2,2,30,30,False
Brainy Trainy. Программирование,Банда Умников,2019,150,8,15,1,30,20,False
Hot Wheels. Вызов Принят!,Cosmodrome Games,2018,150,6,4,2,30,30,False
Форт,Hobby World,2017,150,10,4,2,30,5,False
Монстры vs Герои. Викторианские Кошмары,Эврикус,2017,150,8,8,2,30,5,False
Забытые Боги,New Making Studio,2013,150,12,8,2,30,5,False
Легенды Пиратов,Стиль Жизни,2008,150,8,4,2,30,30,False
Орифламма. Пламя Войны,Эврикус,2019,150,10,5,3,60,30,False
Зоопарк Нью-Йорка,Hobby World,2013,150,10,5,1,60,30,False
Челюсти (Ravensburger),Ravensburger,2010,150,12,4,2,60,60,False
Trapwords,GaGa Games,2012,150,8,8,4,60,30,False
Камисадо,Zvezda,2017,150,10,2,2,30,30,False
Языколомище,Экономикус,2020,150,6,8,1,30,30,False
Нидавеллир,Эврикус,2021,150,10,5,2,60,30,False
Манчкин Чудо-Монстры,Hobby World,2012,150,12,6,3,30,30,False
Звезда Африки,Нескучные игры,2015,150,4,4,2,60,30,False
Чудовище Джио-Джанги,Нескучные Игры,2022,150,7,5,2,60,60,False
Artline: Эрмитаж,Hobby World,2021,150,12,5,2,60,30,False
Воображарий: Вечеринка,Hobby World,2012,150,12,9,3,30,30,False
Мемо Москва,Бэмби,2011,150,5,10,2,30,30,False
Codex. Базовый набор,GaGa Games,2022,150,13,5,2,60,60,False
Зомбицид. Вторая редакция,Hobby World,2009,150,18,6,1,60,60,False
Пиктомания,GaGa Games,2011,150,8,6,3,30,30,False
Маятник,Crowd Games,2009,150,14,5,1,90,60,False
Сундучок Знаний. Сказки,BrainBox,2019,150,6,10,1,30,30,False
Паладины Западного Королевства,Lavka Games,2012,150,12,4,1,120,90,False
Палео,Hobby World,2017,150,10,4,1,60,30,False
Brainy Trainy. Экономика,Банда Умников,2014,150,12,15,1,30,14,False
Крошечные Эпические Галактики,GaGa Games,2011,150,13,5,1,60,30,False
Эволюция. Случайные мутации,Правильные Игры,2017,150,12,4,2,60,30,False
Pathfinder: Карточная Игра. Базовый Набор,Hobby World,2014,150,13,4,1,90,90,False
Фанты Взрослые Забавы,Фанты,2008,150,18,2,2,240,30,False
Сундучок Знаний. Всемирная История,BrainBox,2010,150,8,10,1,30,30,False
Сундучок Знаний. Вокруг Света,BrainBox,2019,150,8,10,1,30,30,False
Второй Шанс. Смерть Музыканта,Стиль Жизни,2016,150,10,6,2,90,30,False
Набор 3 в 1 (Фанты Мафия Я-знаменитость),Бэмби,2018,150,10,2,2,240,30,False
Вампирчики,Стиль Жизни,2020,150,6,6,2,30,30,False
Абра Казам,Эврикус,2008,150,7,8,3,30,15,False
Магнитус XXL,Фабрика Игр,2011,150,10,4,1,30,15,False
Эврика Универсум,Magellan,2008,150,6,6,3,60,30,False
Brainy Trainy. Инженерное Мышление,Банда Умников,2010,150,8,15,1,30,15,False
Brainy Games. Кот + Счет,Банда Умников,2008,150,5,4,2,10,10,False
Акулья Охота,Hasbro,2008,150,5,4,2,30,30,False
Гайя,Эврикус,2022,150,8,5,2,30,30,False
Воображарий Junior,Hobby World,2017,150,6,9,3,30,30,False
Скоростные Цвета,Стиль Жизни,2013,150,5,5,2,30,30,False
Фанты-Флирт ,Фанты,2020,150,18,2,2,240,30,False
Крокодил ЦифроМемический,Magellan,2017,150,18,16,3,60,30,False
Детективные Хроники: Букет в Багровых Тонах,Hobby World,2022,150,13,6,1,60,60,False
Энигма. Код Хаоса,Crowd Games,2018,150,14,5,1,30,10,False
Fluxx Зомби,Hobby World,2009,150,12,6,2,30,30,False
Прогеры,Банда Умников,2019,150,6,4,2,30,30,False
Бумажные Кварталы,Стиль жизни,2021,150,10,1,1,30,30,False
Инглиш-Финглиш,DoJoy,2020,150,7,6,1,30,10,False
Манчкин Зомби,Hobby World,2012,150,12,6,3,60,30,False
Тёмные Истории 4,Goliath,2014,150,12,15,2,30,30,False
КвестМастер. Судьба Лондона,Стиль Жизни,2012,150,12,6,1,90,30,False
Мемори. Монстрики,Ravensburger,2017,150,5,8,1,30,30,False
Калейдос,Interlude,2021,150,8,12,1,30,30,False
Монополия Пицца,Hasbro,2019,150,8,4,2,60,30,False
Ни Шагу Назад! Уценка 1,GaGa Games,2009,150,16,2,2,120,120,False
Ни Шагу Назад! Уценка 2,GaGa Games,2021,150,16,2,2,120,120,False
Опал,Эврикус,2014,150,8,2,2,30,30,False
Шапка-Невидимка,Простые Правила,2019,150,6,4,2,30,30,False
Канагава,Бэмби,2022,150,10,4,2,60,60,False
Легенды Дикого Запада,Лавка Игр,2008,150,14,6,2,90,60,False
КвестМастер. Проклятие Сфинкса,Стиль Жизни,2011,150,12,6,1,90,30,False
Трафик Джем,Банда умников,2009,150,5,6,2,30,30,False
Первый Контакт,Cosmodrome Games,2013,150,12,7,2,30,30,False
Чудеса Cвета,Tactic,2013,150,8,6,2,30,30,False
Пришелец,Магеллан,2009,150,12,5,2,60,30,False
Корпорация Гоблинов,Магеллан,2018,150,12,4,2,60,60,False
Rory's Story Cubes Фантазия,The Creativity Hub,2021,150,6,12,1,30,30,False
Второй Шанс. Запретное Знание,Стиль Жизни,2021,150,10,6,2,90,30,False
Второй Шанс. Сокровища Майя,Стиль Жизни,2009,150,10,6,2,90,30,False
КриптоСвинтус,Hobby World,2017,150,8,6,2,30,30,False
Второй Шанс. 600 Секунд,Стиль Жизни,2011,150,10,6,2,90,30,False
Форсаж Ленивцев,Hobby World,2010,150,8,5,2,60,60,False
Сумеречная Борьба: Нулевой Ход,GaGa Games,2015,150,16,2,2,120,120,False
Unmatched. Красная Шапочка vs. Беовульф,GaGa Games,2017,150,9,2,2,30,30,False
Голодные бегемотики от Хасбро,Hasbro,2009,150,4,4,2,30,30,False
Кругозорник,Банда Умников,2018,150,5,5,2,30,30,False
Квиксо Мини,Gigamic,2021,150,8,4,2,30,30,False
Рамзес II,Ravensburger,2008,150,8,5,2,60,30,False
Домик,Hobby World,2014,150,7,4,2,60,30,False
Сундучок Знаний. Природа,BrainBox,2010,150,8,10,1,30,30,False
Пилос Мини,Gigamic,2020,150,8,2,2,30,30,False
Пришельцы в Кукурузе,Стиль Жизни,2018,150,6,4,2,30,30,False
Этот Безумный Мир,Эврикус,2011,150,12,5,1,60,30,False
Хронолёт,Банда Умников,2021,150,6,5,2,30,30,False
Экспресс-Мороженое,Стиль Жизнь,2019,150,6,4,2,30,30,False
Тёмные Истории. Джуниор: Белые Истории,Goliath,2017,150,8,15,2,30,30,False
Кошки-Мышки: Захвати Печеньки!,Геменот,2012,150,14,6,3,300,300,False
Номер 9,Стиль Жизни,2011,150,8,4,1,30,30,False
Мы Обречены!,Магеллан,2019,150,12,10,4,15,15,False
Дифферанс для Детей,Gigamic,2016,150,4,6,2,30,30,False
Starfinder. Ролевая Игра. Стартовый Набор,Hobby World,2012,150,13,7,2,60,60,False
Каркассон Сафари,Hobby World,2016,150,7,5,2,60,30,False
Следопыт(В картоне),Gigamic,2020,150,6,10,2,30,10,False
Свинтус. Выкрутасы,Hobby World,2017,150,6,10,2,15,15,False
Поселенцы. Северные Империи,Звезда,2017,150,10,4,1,90,60,False
Котоквест,Эврикус,2022,150,8,6,1,60,30,False
Портрет Императора,Фабрика Игр,2021,150,10,6,2,60,30,False
Сундучок Знаний: Космос,BrainBox,2019,150,8,10,1,30,30,False
Кукаракула,Ravensburger,2018,150,6,4,1,30,10,False
Спасти Дракона,Blue Orange,2016,150,5,4,2,15,15,False
Сундучок Знаний. Искусство,Brain Box,2022,150,7,10,1,30,30,False
Среди Звёзд,Правильные игры,2014,150,12,4,2,60,30,False
Дай 5,Hobby World,2019,150,10,7,1,30,10,False
Запретные Слова,Нескучные игры,2009,150,10,4,4,30,30,False
Голубая Лагуна,Zvezda,2008,150,8,4,2,60,30,False
Tash-Kalar: Arena of Legends,GaGa Games,2011,150,13,4,2,60,30,False
Поселенцы. Наброски Империи,Zvezda,2014,150,10,4,1,30,30,False
Сундучок Знаний. Мои Первые Картинки,BrainBox,2008,150,3,10,1,30,30,False
Живые Истории ,Стиль жизни,2011,150,5,6,2,30,15,False
Охота за Кольцом,GaGa Games,2018,150,13,5,2,180,60,False
Склад 51,Геменот,2022,150,8,5,3,60,30,False
Воображарий: Россия,Hobby World,2014,150,12,9,3,60,30,False
Парк Менеджер,Геменот,2016,150,10,5,2,60,30,False
Монополия Реванш,Hasbro,2013,150,8,6,2,90,60,False
Шакал. Архипелаг. Карточная игра,Magellan,2011,150,6,4,2,30,15,False
Война Миров. Новая Угроза,Lavka Games,2012,150,10,2,2,60,30,False
Океаны,Правильные Игры,2013,150,12,4,2,90,60,False
Сэкигахара,GaGa Games,2016,150,14,2,2,180,180,False
Brainy Games. Счётные Лягушки,Банда Умников,2015,150,4,4,2,10,10,False
Нарды + Шашки ,Арстар +,2012,150,6,2,2,60,60,False
Нарды + Шашки «Сирия Башня» малые,Арстар +,2011,150,6,2,2,60,60,False
Нарды + Шашки «Сирия Голубые» средние,Арстар+,2016,150,6,2,2,120,120,False
Нарды + Шашки «Сирия Голубые» малые,Арстар +,2017,150,6,2,2,60,60,False
Нарды + Шашки «Сирия Красные» малые,Арстар +,2009,150,6,2,2,60,60,False
Манкала (бамбук),Бэмби,2014,150,6,2,2,30,30,False
Шахматы турнирные инкрустированные,Chess Craft,2018,150,6,2,2,60,30,False
Brainy Trainy. Развитие Памяти,Банда Умников,2010,150,6,15,1,30,15,False
Brainy Trainy. Скорочтение,Банда Умников,2012,150,6,15,1,30,15,False
Brainy Trainy. Тайм-менеджмент,Банда Умников,2018,150,6,15,1,30,15,False
Brainy Trainy. Навыки Будущего,Банда Умников,2020,150,6,15,1,30,15,False
Brainy Trainy. Публичные Выступления,Банда Умников,2022,150,6,15,1,30,15,False
Brainy Trainy. Воображение,Банда Умников,2011,150,6,15,1,30,15,False
Зевс на Каникулах,Стиль Жизни,2017,150,8,5,2,30,30,False
Банда Монстриков,Magellan,2012,150,5,8,2,30,15,False
Сундучок Знаний. ABC,BrainBox,2022,150,4,10,1,30,30,False
Сундучок знаний. Cities,Интерхит,2020,150,8,10,1,30,30,False
ТОЦА!,Эврикус,2021,150,6,4,2,30,10,False
Большой Базар,Стиль Жизни,2017,150,6,6,2,30,30,False
Тауантинсуйу. Империя Инков,Crowd Games,2022,150,14,4,1,120,60,False
Хуанхэ и Янцзы,Lavka Games,2009,150,14,4,2,180,90,False
Экивоки. Для Друзей,Экивоки,2014,150,7,16,2,90,30,False
Пора Спать!,Магеллан,2009,150,7,8,2,30,30,False
Орлеан. Набор Улучшений,GaGa Games,2011,150,12,4,1,90,60,False
Игра в Жизнь с Банковскими Картами,Hasbro,2020,150,8,4,2,60,60,False
Эрудит Easy English (подарочный),Сфера,2020,150,7,4,2,60,30,False
Шаман,Магеллан,2011,150,8,5,2,30,30,False
Тюлени на Арене,Asmodee,2011,150,4,4,2,30,30,False
Сквадро,Gigamic,2011,150,8,2,2,30,30,False
Манчкин Warhammer: Age of Sigmar,Hobby World,2012,150,12,6,3,30,30,False
Зверобуквы English ,Банда умников,2014,150,4,5,2,30,30,False
Царь Куба,PlayLab,2016,150,6,4,2,30,30,False
Фанты-Флирт №8 ,Фанты,2016,150,18,30,4,30,30,False
Твистер Вслепую,Hasbro,2016,150,8,2,2,30,30,False
Тёмные Истории. Джуниор: Зелёные Истории,Goliath,2011,150,8,15,2,15,15,False
Повелители Морей,Стиль Жизни,2009,150,10,2,2,30,20,False
Полетели,Простые Правила,2011,150,3,4,1,30,10,False
Нефариус. Издание 2020,Magellan,2010,150,12,6,2,30,5,False
Нарды + Шашки «Сирия Красные» средние,Арстар +,2022,150,6,2,2,60,60,False
Ёрш ОПА,Magellan,2012,150,18,9,4,30,30,False
Brainy Games. Первые Буквы,Банда Умников,2011,150,5,5,2,10,10,False
Brainy Games. Фигурные Прятки,Банда Умников,2010,150,4,5,2,10,10,False
Чёрные мысли. Игра-Квест,Zvezda,2019,150,9,1,1,30,30,False
Однажды в замке,Blue Orange,2009,150,6,4,2,30,30,False
Монополия. Гонка,Hasbro,2021,150,8,4,2,10,10,False
Мемори. Смайлики,Ravensburger,2015,150,5,8,1,30,30,False
Пикмикс,Gigamic,2014,150,6,6,2,30,30,False
Орлеан: Торговля и Интриги,GaGa Games,2010,150,12,4,2,90,60,False
Чужая Планета. Убежище,GaGa Games,2019,150,10,7,2,60,30,False
Остров Кошек. Набор Предзаказа,GaGa Games,2008,150,8,4,1,90,60,False
Орлеан: Вторжение,GaGa Games,2008,150,12,4,1,90,60,False
Остров Кошек: Долгожданные Гости,GaGa Games,2020,150,8,6,2,90,60,False
Повелитель Токио: Подзарядка,GaGa Games,2017,150,8,6,2,30,30,False
Манчкин 2. Дикий Топор,Hobby World,2018,150,12,6,3,60,60,False
Имаджинариум Химера,Stupid Casual,2013,150,18,7,4,30,30,False
Омерзительное Средневековье,New Making Studio,2020,150,18,6,3,60,30,False
Каркассон. Таверны и Соборы,Hobby World,2008,150,8,6,2,90,30,False
Древний Ужас. Забытые Тайны,Hobby World,2014,150,14,8,1,240,120,False
Чужая Планета. Новые Горизонты,GaGa Games,2011,150,10,7,2,60,30,False
Каркассон. Купцы и Зодчие,Hobby World,2020,150,7,6,2,90,30,False
Бэнг! Великолепная Восьмерка,Hobby World,2019,150,8,8,3,60,30,False
Имаджинариум: Прайм-Тайм,Cosmodrome Games,2008,150,12,7,4,60,30,False
Босс-Монстр: Геройские Штучки,GaGa Games,2017,150,12,4,2,60,30,False
Манчкин 3. Клирические Ошибки,Hobby World,2016,150,12,6,3,60,60,False
Колонизаторы Города и Рыцари,Hobby World,2009,150,10,4,3,90,90,False
Имаджинариум Пандора,Stupid Casual,2015,150,12,7,4,30,30,False
Имаджинариум Персефона,Stupid Casual,2016,150,12,7,4,30,30,False
Имаджинариум Ариадна,Stupid Casual,2014,150,12,7,4,30,30,False
Детектив: Город Ангелов,GaGa Games,2019,150,16,5,1,180,120,False
Манчкин 6. Безбашенные Подземелья,Hobby World,2020,150,12,6,3,60,60,False
Манчкин 4. Тяга к Коняге,Hobby World,2009,150,12,6,3,60,60,False
Мачи Коро Шарп,Hobby World,2021,150,7,4,2,60,60,False
Древний Ужас. Таинственные Руины,Hobby World,2021,150,14,8,1,240,120,False
Билет на Поезд: Азия,Hobby World,2009,150,8,6,2,90,60,False
Дорога Приключений: Имя Ветра,GaGa Games,2017,150,10,4,1,90,60,False
Война Кольца: Владыки Средиземья,GaGa Games,2014,150,13,4,2,180,150,False
Эволюция Время летать,Правильные Игры,2016,150,12,6,2,60,30,False
Имаджинариум Кассиопея,Cosmodrome Games,2019,150,6,7,4,60,30,False
Каркассон. Башня,Hobby World,2018,150,7,6,2,60,30,False
Каркассон Принцесса и Дракон,Hobby World,2018,150,7,6,2,30,30,False
Древний Ужас. Хребты Безумия,Hobby World,2008,150,12,8,1,240,120,False
Гоббит. Первое Издание,GaGa Games,2017,150,6,8,2,30,30,False
Ужас Аркхэма. Третья Редакция: Под Тёмными Волнами,Hobby World,2008,150,14,6,1,150,150,False
Детектив: Копай Глубже,GaGa Games,2016,150,16,5,1,120,90,False
Манчкин 5. Следопуты,Hobby World,2008,150,12,6,3,60,60,False
Имаджинариум. Гармония,Cosmodrome Games,2019,150,6,7,4,60,30,False
Эволюция: Растения,Правильные Игры,2016,150,12,4,2,90,60,False
Данетки. Случай из Жизни,Magellan,2014,150,10,8,2,30,30,False
Игра Престолов. Мать Драконов,Hobby World,2020,150,13,8,3,240,180,False
Fallout. Новая Калифорния,Hobby World,2019,150,14,4,1,180,120,False
Древний Ужас: Под Пирамидами,Hobby World,2014,150,14,8,1,240,120,False
Диксит 4: Истоки,Asmodee,2009,150,8,6,3,60,30,False
Повелитель Нью-Йорка: Подзарядка,GaGa Games,2008,150,10,6,2,60,30,False
Каркассон. Холмы и Овцы,Hobby World,2016,150,7,6,2,60,30,False
За Бортом! Дополнение,Magellan,2020,150,14,8,4,60,30,False
Диксит 3: Путешествие,Asmodee,2019,150,8,6,3,60,30,False
Война Кольца: Воины Средиземья,GaGa Games,2018,150,14,4,2,180,150,False
Билет на Поезд: Европа 1912,Hobby World,2010,150,8,5,2,90,30,False
Манчкин 8. В хвост и в гриву,Hobby World,2015,150,12,6,3,60,60,False
Каркассон. Аббатство и Мэр,Hobby World,2019,150,7,6,2,60,60,False
500 Злобных Карт. Дополнение. Набор Чёрный,Cosmodrome Games,2013,150,18,30,4,120,30,False
500 Злобных Карт. Дополнение. Набор Белый,Cosmodrome Games,2019,150,18,18,3,120,15,False
Codex. Синие против Черных,GaGa Games,2021,150,13,5,2,60,60,False
Особняки Безумия. Вторая Редакция. За Порогом,Hobby World,2017,150,13,5,1,150,120,False
Древний Ужас: Знамения Каркозы,Hobby World,2018,150,14,8,1,240,120,False
Runebound. Нерушимые Узы,Hobby World,2018,150,14,4,1,120,60,False
Манчкин 9: Пранк Юрского Периода,Hobby World,2011,150,12,6,3,90,30,False
Эволюция Континенты,Правильные Игры,2018,150,11,4,2,60,30,False
"Каркассон. Граф, Король и Культ",Hobby World,2022,150,7,6,2,60,60,False
Андор. Легенда о Звездном Щите,Звезда,2021,150,10,4,2,90,60,False
Эволюция. Трава и Грибы,Правильные игры,2021,150,18,4,2,60,60,False
Маленький Мир: Небесные Острова,Hobby World,2015,150,8,6,3,90,60,False
Замес Мимими,Hobby World,2022,150,12,4,2,60,30,False
Диксит 8: Гармония,Стиль Жизни,2020,150,8,6,3,30,30,False
Клинок и Колдовство. Запретный Портал,GaGa Games,2022,150,13,5,1,90,60,False
Codex. Белые против Фиолетовых,GaGa Games,2011,150,13,5,2,60,60,False
Архитекторы Западного Королевства: Эпоха Мастеров,Lavka Games,2011,150,12,6,1,90,60,False
Покорение Марса: Колонии,Lavka Games,2015,150,12,5,1,180,120,False
Покорение Марса. Проект «Венера»,Лавка Игр,2019,150,12,5,1,120,90,False
Манчкин 7. Двуручный чит,Hobby World,2014,150,12,6,3,60,60,False
Стальная Арена: Высокое Напряжение,GaGa Games,2012,150,8,6,2,60,60,False
Клинок и Колдовство. Пришествие Тьмы,GaGa Games,2011,150,13,5,1,90,60,False
Клинок и Колдовство. Набор героя Морриган,GaGa Games,2015,150,13,5,1,90,60,False
Клинок и Колдовство. Набор героя Рилд,GaGa Games,2017,150,13,5,1,90,60,False
Замес Неизбежный Выпуск про Ктулху,Hobby World,2015,150,12,2,2,30,30,False
Runebound. Падение Тёмной Звезды,Hobby World,2020,150,14,4,2,180,120,False
Runebound. Ярость Гор,Hobby World,2020,150,14,4,2,180,120,False
Бэнг! На несколько карточек больше,Hobby World,2012,150,12,7,4,30,30,False
Бэнг! Шоу Дикого Запада,Hobby World,2017,150,12,7,4,30,30,False
Манчкин Котэ,Hobby World,2022,150,12,6,3,30,30,False
Каркассон: Бродячий Цирк,Hobby World,2013,150,7,6,2,60,30,False
Бэнг! Вооружен и Опасен,Hobby World,2017,150,12,7,4,30,15,False
Сквозь Века: Новые Лидеры и Чудеса,GaGa Games,2010,150,14,4,2,120,120,False
Бэнг! Долина Теней,Hobby World,2019,150,12,7,4,60,30,False
Замес Казаки против Помидоров,Hobby World,2014,150,12,2,2,60,30,False
Звездные Империи: Гамбит,Hobby World,2021,150,12,6,1,60,30,False
Стальная Арена: Арсенал,GaGa Games,2010,150,8,4,2,60,60,False
Большая Бродилка: Ещё Больше Приключений,GaGa Games,2017,150,8,5,2,30,30,False
Покорение Марса. Кризис,Лавка Игр,2021,150,12,5,1,120,90,False
Место Преступления: Нуар,Hobby World,2010,150,12,4,1,90,60,False
Игра Престолов: Пир Воронов,Hobby World,2019,150,13,4,4,240,180,False
Ужас Аркхэма. Карточная игра: Стражи Бездны,Hobby World,2014,150,12,4,1,120,60,False
Зельеварение. Гильдия алхимиков,Правильные Игры,2012,150,10,8,2,120,60,False
Манчкин 6.5 Бабайки из Склепа,Hobby World,2022,150,12,6,3,30,30,False
Клинок и Колдовство. Набор героя Виктория,GaGa Games,2013,150,13,5,1,90,60,False
Шарлатаны из Кведлинбурга. Ведьмы-Травницы,Lavka Games,2009,150,10,5,2,90,30,False
Место Преступления: Тайны Редвью,Hobby World,2012,150,12,4,1,90,60,False
Runebound. Позолоченный Клинок,Hobby World,2008,150,14,4,2,180,120,False
Это Моя Война. Истории Осажденного Города,Crowd Games,2015,150,18,6,1,90,60,False
Турбосчёт Форсаж,Банда умников,2016,150,4,5,2,30,30,False
Цолькин: Календарь Майя. Племена и Пророчества,GaGa Games,2017,150,14,5,2,90,90,False
Алхимики: Королевский Голем,GaGa Games,2018,150,12,4,2,120,90,False
Кланк! Проклятие Мумии,Лавка Игр,2008,150,12,4,2,90,60,False
Мрачная Гавань: Забытые Круги,Hobby World,2011,150,13,4,1,120,30,False
Ужас Аркхэма. Карточная игра: Забытая Эпоха,Hobby World,2012,150,13,4,1,120,60,False
Бестиарий Сигиллума. Новые Земли,Интаглиф,2020,150,14,2,1,90,30,False
Ужас Аркхэма. Карточная Игра: Нарушенный Круг,Hobby World,2016,150,13,4,1,120,60,False
Зомби в Доме: Заражение. Ботаник,Magellan,2012,150,12,5,2,60,30,False
Орлеан. Комплект промонаборов тайлов мест ,GaGa Games,2020,150,12,4,2,90,60,False
Не Роняй Мыло,Фабрика Игр,2016,150,18,6,3,30,30,False
Манчкин Хипстеры,Hobby World,2015,150,12,6,3,30,30,False
Манчкин Рыцари,Hobby World,2016,150,12,6,3,30,30,False
Манчкин Принцессы,Hobby World,2021,150,12,6,3,30,30,False
Ужас Аркхэма. Карточная игра. Наследие Данвича. Потерянные во Времени и Пространстве,Hobby World,2020,150,14,4,1,120,60,False
Ужас Аркхэма. Карточная игра. Нарушенный круг. В когтях Хаоса,Hobby World,2018,150,13,4,1,120,60,False
"Ужас Аркхэма. Карточная игра. Там, где ждёт погибель",Hobby World,2010,150,12,4,1,120,60,False
Ужас Аркхэма. Карточная Игра. Путь в Каркозу. Восход Чёрных Звёзд,Hobby World,2012,150,14,2,1,120,60,False
Ужас Аркхэма. Карточная игра. Экспресс округа Эссекс,Hobby World,2014,150,14,4,1,120,60,False
Ужас Аркхэма. Карточная Игра. Путь в Каркозу. Бледная Маска,Hobby World,2008,150,14,2,1,120,60,False
Языколом Безумный,Экономикус,2011,150,6,8,1,30,30,False
Ужас Аркхэма. Забытая Эпоха. Сердце Древних,Hobby World,2013,150,13,4,1,120,60,False
Ужас Аркхэма. Карточная Игра. Путь в Каркозу. Туманная Каркоза,Hobby World,2016,150,14,2,1,120,60,False
Ужас Аркхэма. Карточная игра. Забытая эпоха: Потусторонний Предел,Hobby World,2016,150,14,2,1,120,60,False
Ужас Аркхэма. Карточная игра. Забытая эпоха: Нити судьбы,Hobby World,2012,150,14,4,1,120,60,False
Ужас Аркхэма: Забытая Эпоха. Город Архивов,Hobby World,2009,150,13,4,1,120,60,False
Ужас Аркхэма. Карточная игра. Путь в Каркозу. Призрак Истины,Hobby World,2015,150,14,4,1,120,60,False
"Каркассон. Мосты, Замки и Базары",Hobby World,2021,150,7,6,2,30,30,False
Набор 3 Секрета,GaGa Games,2008,150,18,8,2,15,15,False
Набор счетчиков уровней Манчкин,Hobby World,2015,150,10,6,3,60,30,False
Фигурный деревянный пазл. Кошкин Домик,Нескучные Игры,2021,150,5,1,1,30,15,False
Culinario Mortale. Смертельный рецепт,Magellan,2011,150,18,7,5,180,120,False
Ночь Ниндзя,GaGa Games,2013,150,12,11,4,30,10,False
Знаток 180 схем,Знаток Плюс,2018,150,5,1,1,30,30,False
Фигурный деревянный пазл. Сказочный Единорог,Нескучные Игры,2009,150,5,1,1,30,15,False
Катамино дорожная,Gigamic,2011,150,8,1,1,30,30,False
Квадригами 2,Стиль Жизни,2015,150,10,1,1,30,20,False
Фанты (колода карт),Нескучные игры,2019,150,12,2,2,30,30,False
Dungeons & Dragons. Энциклопедия Чудовищ на русском,Hobby World,2009,150,12,1,1,30,5,False
Фигурный деревянный пазл. Путешествие Вокруг Света,Нескучные игры,2012,150,3,1,1,30,10,False
Липкий Ктулху,GaGa Games,2016,150,6,6,2,15,15,False
Фигурный деревянный пазл. Сладкий Сон,Нескучные Игры,2015,150,5,1,1,30,5,False
Клинок и Колдовство. Призрачные Формы Героев,GaGa Games,2013,150,13,5,2,90,90,False
Большая Бродилка по Выборгу,GaGa Games,2011,150,8,5,2,30,30,False
Большая Бродилка по Курортному Району,GaGa Games,2013,150,8,5,2,30,30,False
День Вождей. Дача,Magellan,2021,150,5,6,2,30,5,False
Руины Острова Арнак: Лидеры Экспедиции,GaGa Games,2022,150,12,4,1,120,60,False
Знаток Школа 999 схем,Знаток Плюс,2022,150,5,1,1,90,30,False
Фигурный деревянный пазл. Алиса,Нескучные Игры,2016,150,4,1,1,30,10,False
Набор счетчиков уровней Манчкин Ктулху,Hobby World,2008,150,10,6,3,60,30,False
Властелин Колец: Странствия в Средиземье. Обитатели Тьмы,Hobby World,2016,150,13,5,1,60,60,False
Ужас Аркхэма. Карточная Игра: Нарушенный Круг. Тайное Имя,Hobby World,2017,150,13,4,1,120,60,False
Альтиплано,GaGa Games,2009,150,12,5,2,120,60,False
Коридор для малышей,Стиль Жизни,2014,150,4,4,2,30,30,False
Зомбицид. Вторая Редакция. Зомби и Спутники,Hobby World,2020,150,18,6,1,60,60,False
Знаток 320 схем,Знаток Плюс,2021,150,5,1,1,90,30,False
Пазл Парковка,Bondibon,2019,150,6,1,1,30,30,False
Три Маленьких Поросёнка и Серый Волк,Bondibon,2018,150,3,1,1,30,30,False
Пазл-Квест «Кухня ведьм»,Ravensburger,2011,150,12,1,1,60,60,False
Ужас Аркхэма. Карточная игра. Неизмеримые и невидимые,Hobby World,2009,150,14,4,1,120,60,False
Ужас Аркхэма. Карточная игра. Путь в Каркозу. Отголоски Прошлого,Hobby World,2022,150,14,2,1,120,60,False
Rory's Story Cubes Привидения,The Creativity Hub,2019,150,6,12,1,30,30,False
Ужас Аркхэма: Забытая эпоха. Глубины Йота,Hobby World,2009,150,13,4,1,120,60,False
Ужас Аркхэма. Карточная игра. Путь в Каркозу. Невыразимая Клятва,Hobby World,2012,150,14,4,1,120,60,False
Квестик шпионский,Банда Умников,2012,150,7,1,1,30,30,False
Катамино. Семейная Версия,Стиль Жизни,2022,150,3,2,1,30,15,False
Квестик пиратский Джек,Банда Умников,2016,150,4,1,1,30,30,False
Квестик супергеройский Катя,Банда Умников,2020,150,7,1,1,30,30,False
Квестик супергеройский Макс,Банда Умников,2017,150,7,1,1,30,30,False
Эйфория,GaGa Games,2013,150,14,6,2,60,60,False
Каркассон Амазонка,Hobby World,2018,150,7,5,2,30,30,False
Стульчики,Нескучные Игры,2011,150,5,1,1,30,30,False
3 Секрета: Время Преступления,GaGa Games,2008,150,18,8,2,15,15,False
Поселенцы. Северные Империи: Японские Острова,Звезда,2016,150,10,4,1,90,60,False
Поселенцы. Северные Империи: Римские Знамена,Звезда,2018,150,10,4,1,90,60,False
Тематик,Cocktail Games,2010,150,8,10,2,30,30,False
Декодер. Лазерный Диск,Лавка Игр,2016,150,12,8,3,60,30,False
Сумерки империи: Пророчество королей,Hobby World,2014,150,13,8,3,240,240,False
Мемо Крым,Бэмби,2014,150,5,2,2,30,15,False
Сундучок Знаний. Азбука,BrainBox,2021,150,4,10,1,30,30,False
Набор Война Кольца + 2 дополнения,GaGa Games,2018,150,13,4,2,180,150,False
Набор ЧПОК в кубе,GaGa Games,2018,150,18,8,2,15,15,False
Драфтозавры: Водные,GaGa Games,2022,150,6,5,2,15,15,False
Драфтозавры: Летающие,GaGa Games,2017,150,6,5,2,15,15,False
Набор Unmatched,GaGa Games,2010,150,12,4,2,30,30,False
Активити. Руки Связаны,Piatnik,2010,150,8,8,2,60,30,False
Пентаго Третье Измерение,Лаборатория Игр,2013,150,8,4,2,30,30,False
5211 Азул,Звезда,2012,150,14,5,2,30,15,False
Немезида: Карноморфы,Hobby World,2016,150,13,5,1,120,60,False
Корни: Подземный Мир,Crowd Games,2022,150,10,6,2,90,60,False
Smart 10 Junior,PlayLab,2009,150,7,8,2,15,15,False
Bullet Orange,GaGa Games,2009,150,12,4,1,15,15,False
Немезида: Кошмары,Hobby World,2020,150,12,5,1,180,90,False
Ужас Аркхэма. Карточная игра: На краю земли. Сыщики,Hobby World,2013,150,13,4,1,90,60,False
Ужас Аркхэма. Карточная Игра: Нарушенный Круг. Ради Высшего Блага,Hobby World,2017,150,13,4,1,120,60,False
Остров Кошек: Чудища + Котята,GaGa Games,2011,150,8,6,1,90,60,False
Остров Кошек. Полный набор,GaGa Games,2016,150,8,6,1,90,30,False
Фотосинтез ,Стиль Жизни,2018,150,8,4,2,60,30,False
Набор Pixel Tactics 1-5 части,GaGa Games,2013,150,12,2,2,30,30,False
Особняки Безумия. Вторая Редакция. Святилище сумерек,Hobby World,2014,150,13,5,1,180,120,False
Пакс Памир: Большая Игра,Crowd Games,2014,150,14,5,1,150,60,False
Набор Pixel Tactics 1-4 части,GaGa Games,2011,150,12,2,2,30,30,False
Манчкин Тащи Сокровища,Hobby World,2020,150,6,6,2,60,60,False
Карманный Футбол,Магеллан,2022,150,5,1,1,30,30,False
Ужас Аркхэма. Карточная игра: Нарушенный Круг. Расплата за Грехи,Hobby World,2012,150,14,2,1,120,60,False
Codex: Набор дополнений,GaGa Games,2013,150,13,2,2,60,60,False
Мортум. Средневековый Детектив,Lavka Games,2008,150,12,5,1,240,60,False
Этот Безумный Мир: Кризис и Процветание,Эврикус,2018,150,12,7,1,30,30,False
Каркассон. Юбилейное издание,Hobby World,2014,150,7,5,2,30,30,False
Я никогда не. Новогоднее,GaGa Games,2020,150,18,2,2,60,60,False
Кортекс для Детей 2,Стиль Жизни,2022,150,6,6,2,30,30,False
Шарлатаны из Кведлинбурга: Алхимики,Lavka Games,2019,150,10,5,2,60,30,False
Халлертау,Hobby World,2011,150,12,4,1,150,60,False
Набор Игры и Сказки,GaGa Games,2013,150,7,5,1,30,30,False
Крошечный Эпический Набор,GaGa Games,2021,150,14,4,1,60,30,False
Не Роняй Мыло: Особо Опасны. Делюкс Издание,Фабрика Игр,2015,150,18,6,3,15,10,False
"Беги, Кролик, Беги!",Cosmodrome Games,2016,150,8,4,2,60,30,False
Таверна Красный Дракон: Злодеи,Hobby World,2011,150,18,4,2,60,30,False
Зов Ктулху. Одиночное приключение: Лес вендиго,Hobby World,2013,150,18,1,1,60,60,False
Дюна: Приключения в Империи. Основная книга правил,Hobby World,2021,150,18,6,1,150,150,False
Агенты. Щит и Меч,Звезда,2016,150,10,4,2,60,60,False
Повелитель Токио: Тёмное издание,GaGa Games,2020,150,8,6,2,30,30,False
Агенты Щит и Меч: Большая игра,Звезда,2013,150,10,6,2,60,60,False
Звёздные Войны: Легион,Hobby World,2012,150,13,2,2,180,120,False
Descent: Сказания тьмы,Hobby World,2019,150,13,4,1,180,180,False
Pathfinder. Бестиарий,Hobby World,2009,150,16,2,2,30,15,False
Словопотам,Банда Умников,2017,150,6,4,2,15,15,False
Мельница. Милые тайны,Crowd Games,2021,150,8,5,3,30,30,False
Предназначение,Hobby World,2019,150,13,3,1,150,120,False
Париж. Эйфель,GaGa Games,2012,150,8,2,2,30,30,False
Ведьмак: Старый Мир,GaGa Games,2011,150,14,5,1,150,90,False
Кулинариум,Hobby World,2013,150,10,6,2,90,30,False
Глен-Мор II. Хроники,Лавка Игр,2015,150,12,4,2,120,90,False
Шахматы + Шашки + Нарды 20 см ,Bondibon,2013,150,5,2,2,150,30,False
Шахматы + Шашки + Нарды Европодвес,Bondibon,2022,150,5,2,2,15,15,False
Слоноловкость ,Bondibon,2014,150,5,4,2,30,30,False
Гага,Magellan,2019,150,12,3,3,30,30,False
KeyForge: Столкновение Миров,Hobby World,2011,150,14,2,2,30,15,False
Ужас Аркхэма. Карточная игра: Лабиринты Безумия,Hobby World,2018,150,12,2,1,120,60,False
Нидавеллир: Тингвеллир,Эврикус,2020,150,10,5,2,30,30,False
Рыцари Пустоши,ZVEZDA,2018,150,14,4,1,180,90,False
Предназначение: Море песка, Hobby World,2021,150,13,3,1,150,120,False
Костер,Hobby World,2010,150,12,4,1,90,60,False
Анх. Боги Египта,Лавка Игр,2014,150,12,5,2,120,90,False
МикроМакро. Надземка,Стиль Жизни,2015,150,14,4,1,15,15,False
Повелитель Токио: Монстр Бокс,GaGa Games,2014,150,8,6,2,30,30,False
Crime Zoom. Убийство в Париже,Hobby World,2011,150,18,6,1,60,30,False
Властелин Колец. Странствия в Средиземье. Злодеи Эриадора,Hobby World,2014,150,13,5,1,120,60,False
Дальше и Ближе,Lavka Games,2022,150,13,4,2,120,60,False
Покорение Марса. Экспедиция Арес,Lavka Games,2011,150,12,4,1,60,60,False
Непостижимое,Hobby World,2022,150,13,6,3,240,120,False
Остров Кошек: Исследуй и Рисуй,GaGa Games,2012,150,8,6,1,60,30,False
Рюрик,Hobby World,2009,150,13,4,1,90,60,False
Ужастик. Тайна Особняка Фостеров,Magellan,2009,150,18,5,4,120,60,False
Приключения Робина Гуда,ZVEZDA,2017,150,10,4,2,60,60,False
Мстители: Финал. Битва с Таносом,Hobby World,2021,150,9,5,3,60,30,False
Следствие. Ведёт Клэр Харпер,Эврикус,2021,150,10,6,1,90,90,False
Лоскутное Королевство. Истоки,Стиль Жизни,2018,150,8,4,2,30,15,False
Порт Ройал. Полное издание,ZVEZDA,2017,150,8,5,1,60,30,False
Опасные Гости. Кто Убил Мистера Уолтона?,Фабрика Игр,2015,150,12,8,1,90,60,False
Ольтре,Эврикус,2019,150,8,4,2,120,60,False
Русалочки,Бэмби,2016,150,5,6,2,30,30,False
Codex: Набор Делюкс,GaGa Games,2022,150,13,5,2,60,60,False
Вобла,Magellan,2008,150,6,6,3,30,30,False
Сундучок Знаний. Великие Изобретения,BrainBox,2010,150,8,10,1,30,30,False
Exit-квест. Врата между мирами,ZVEZDA,2009,150,10,4,1,120,60,False
Космобаза,Lavka Games,2018,150,14,5,2,90,60,False
Максимум Апокалипсис,GaGa Games,2017,150,13,6,1,90,30,False
Амазония,Hobby World,2011,150,8,4,1,30,30,False
Codex: Базовый набор + 2 дополнения,GaGa Games,2015,150,13,2,2,60,60,False
Доктор Дарк,Стиль Жизни,2010,150,12,6,1,90,60,False
Большой Замес в маленьком Токио,Hobby World,2018,150,12,2,2,60,30,False
Smart 10,PlayLab,2022,150,10,8,2,30,30,False
Пробуждение Медведя,GaGa Games,2017,150,14,4,2,120,60,False
Элементарно! Билет в Один Конец,Стиль Жизни,2011,150,10,8,1,90,60,False
Запретный Город,Crowd Games,2015,150,12,5,1,90,60,False
Повелитель Токио: Набор Монстра – Ктулху,GaGa Games,2008,150,8,6,2,30,30,False
Повелитель Токио: Набор Монстра – Киберклык,GaGa Games,2015,150,8,6,2,30,30,False
Повелитель Токио: Набор Монстра – Анубис,GaGa Games,2018,150,8,6,2,30,30,False
Повелитель Токио: Набор Монстра – Кинг-Конг,GaGa Games,2010,150,8,6,2,30,30,False
Расцвет,Hobby World,2010,150,8,4,2,60,30,False
Rory`s Story Cubes Космос,The Creativity Hub,2014,150,6,10,1,30,30,False
Баобаб,Piatnik,2015,150,6,4,2,30,30,False
МангоТанго,Bondibon,2017,150,5,1,1,30,30,False
Азул. Сад королевы,ZVEZDA,2017,150,10,4,2,60,30,False
Алое Восстание,Lavka Games,2022,150,12,6,1,60,30,False
Манчкин Вкусняшки,Hobby World,2008,150,12,6,3,60,60,False
Особняки Безумия. Вторая Редакция. Путь Змеи,Hobby World,2015,150,13,5,1,180,120,False
Runebound. В Паутине,Hobby World,2013,150,14,4,2,180,120,False
Лоскутное Королевство. Век Великанов,Стиль Жизни,2014,150,8,5,2,30,15,False
Вампиры Маскарад: Вендетта,ИнтерХит,2016,150,14,6,3,60,30,False
Манчкин: Как Замочить Дракона,Hobby World,2009,150,12,6,3,30,30,False
Rory`s Story Cubes Динозавры,The Creativity Hub,2021,150,6,12,1,30,30,False
Exit-квест. Зачарованный лес,ZVEZDA,2014,150,10,4,1,90,30,False
Война Миров. Новая Угроза. Ирландия,Lavka Games,2021,150,10,2,2,60,30,False
Паровозы и Семафоры,ZVEZDA ,2009,150,10,4,2,60,30,False
Элементарно! Фабианские Эссе,Стиль Жизни,2016,150,10,8,1,90,60,False
Маленький Цирк,Lavka Games,2018,150,8,5,2,60,30,False
Кругозорник Биология,Банда Умников,2011,150,8,5,2,30,30,False
Взрывные Котята: Разрывные Котята,Hobby World,2012,150,10,6,2,30,15,False
Пандемия: World of Warcraft,Стиль Жизни,2013,150,14,5,1,60,15,False
Зимняя Королева,Crowd Games,2021,150,14,4,2,60,30,False
Эксплориана,Эврикус,2018,150,10,4,1,60,30,False
Динозавры — любимцы богов,Эврикус,2020,150,10,5,2,30,30,False
Элементарно! Живописная Афера,Стиль Жизни,2015,150,10,8,1,90,60,False
Квестик волшебный,Банда Умников,2012,150,6,1,1,30,30,False
Сундучок Знаний. В Мире Животных,BrainBox,2011,150,8,10,1,30,30,False
Набор Unmatched: 12 героев,GaGa Games,2012,150,9,4,2,30,30,False
Набор Цолькин + Племена и Пророчества ,GaGa Games,2018,150,14,5,2,90,90,False
Имаджинариум: Это Был Тяжелый Год,Cosmodrome Games,2019,150,6,6,3,30,15,False
Ультиматум Синдиката,ZVEZDA,2008,150,10,2,2,30,30,False
Ужас Аркхэма. Карточная игра. Колода сыщика. Харви Уолтерс,Hobby World,2015,150,13,4,1,120,60,False
Война Миров. Новая Угроза. Набор Миниатюр,Lavka Games,2011,150,10,2,2,60,30,False
Война Миров. Новая Угроза. Набор деревянных миплов,Lavka Games,2018,150,10,2,2,60,30,False
Ужас Аркхэма. Карточная игра. Колода сыщика. Жаклин Файн,Hobby World,2014,150,13,4,1,120,60,False
Зов Ктулху. Одиночное приключение: Наедине с Тьмой,Hobby World,2008,150,18,1,1,60,60,False
Цербер: Сокровища Преисподней,Эврикус,2018,150,10,7,3,60,30,False
Маленькие Города,Hobby World,2011,150,12,5,1,30,30,False
Лига Детективов,Hobby World,2022,150,13,6,3,30,30,False
Мандалорец: Грогу и Лягушачьи Бега,Hobby World,2020,150,6,4,2,15,15,False
Квестик космический,Банда Умников,2022,150,7,1,1,30,30,False
Добро Пожаловать в ДиноМир,GaGa Games,2018,150,12,1,1,90,30,False
Rory`s Story Cubes Ужастики,The Creativity Hub,2012,150,6,12,1,30,30,False
Exit-квест. Проклятый лабиринт,ZVEZDA,2022,150,10,4,1,90,30,False
Миссия Орехи,Стиль Жизни,2022,150,4,4,2,10,10,False
Боги Олимпа,Magellan,2015,150,12,4,2,30,30,False
Неудержимые Единорожки 18+,Hobby World,2011,150,18,8,2,60,30,False
Активити для Малышей,Piatnik,2008,150,4,16,4,30,30,False
Набор улучшений для игры Стальная Арена,GaGa Games,2019,150,12,4,2,30,30,False
Основатели Мрачной Гавани,Hobby World,2015,150,12,4,1,120,120,False
Картавентура Лхаса,Эврикус,2021,150,10,6,1,60,60,False
Rory`s Story Cubes Улики,The Creativity Hub,2018,150,6,12,1,30,30,False
Мозговой Штурм,Правильные Игры,2022,150,11,4,2,60,30,False
Мрачные Истории: Всякое Случается,Стиль Жизни,2022,150,14,15,1,30,15,False
Свинокрыл,Magellan,2012,150,7,8,2,30,30,False
Город Счастья,Стиль Жизни,2017,150,10,5,2,30,30,False
Картавентура Винланд,Эврикус,2015,150,10,6,1,60,60,False
Звёздные Империи: Альянс,Hobby World,2015,150,12,2,2,60,30,False
Fantastic Park,Стиль Жизни,2022,150,8,5,2,30,30,False
Adventure Games. Гранд-отель Абаддон,ZVEZDA,2016,150,16,4,1,90,90,False
Однажды в Чикаго,Правильные Игры,2016,150,18,6,1,90,90,False
Перекати-Ёжик и Друзья,Стиль Жизни,2008,150,5,4,1,30,10,False
Келюс 1303,Crowd Games,2020,150,12,5,2,90,60,False
Суперкот,Эврикус,2011,150,8,6,3,15,10,False
Чужая Планета + 2 дополнения,GaGa Games,2017,150,10,7,2,60,30,False
Набор Повелитель Токио + Подзарядка,GaGa Games,2013,150,8,6,2,30,30,False
Набор Алхимики + Королевский Голем,GaGa Games,2020,150,12,4,2,120,90,False
Набор Кодовые Имена,GaGa Games,2013,150,10,2,2,30,30,False
Кодовые Имена. Полный набор ,GaGa Games,2009,150,18,2,2,30,30,False
Ганеша,Crowd Games,2020,150,8,4,2,60,30,False
Детектим для Семьи: Подброшенное Яйцо,Стиль Жизни,2018,150,7,4,2,30,15,False
Детектим для Семьи: Исчезнувший Пирог,Стиль Жизни,2008,150,7,4,2,30,15,False
Детектим для Семьи: Гонка неЧемпионов,Стиль Жизни,2020,150,7,4,2,30,15,False
Червячки-Огородники,Zoch Verlang,2009,150,4,4,2,30,30,False
Набор Стальная Арена + 2 дополнения (Арсенал + Высокое Напряжение),GaGa Games,2017,150,12,6,2,30,30,False
Набор Повелитель Нью-Йорка + Подзарядка,GaGa Games,2012,150,10,6,2,60,30,False
Ром и Кости. Второй Прилив,Hobby World,2020,150,13,6,2,60,60,False
Квестик индейский,Банда Умников,2019,150,7,1,1,30,30,False
Набор Pixel Tactics 1-3 части,GaGa Games,2019,150,12,2,2,30,30,False
Книга Кориолис. Дополненный Атлас,Studio 101,2011,150,16,2,2,30,30,False
Набор Орлеан + 2 Дополнения,GaGa Games,2009,150,12,4,1,90,60,False
Набор Сквозь Века + Новые Лидеры и Чудеса,GaGa Games,2013,150,14,4,2,120,120,False
За закрытыми дверями. Дело о винной пробке,Стиль Жизни,2016,150,16,12,2,60,30,False
Набор Большая Бродилка + дополнение,GaGa Games,2020,150,8,5,2,30,30,False
Блиц. День,Стиль Жизни,2022,150,8,4,2,60,30,False
Чфырчка!,Zvezda,2018,150,8,4,4,30,15,False
Манчкин Гравити Фолз,Hobby World,2009,150,12,6,3,30,30,False
Набор Руины Острова Арнак + Лидеры Экспедиции,GaGa Games,2022,150,12,4,1,120,60,False
Пентаго Мультиплеер,MindTwister AB,2009,150,6,4,2,15,15,False
Набор ЧПОК + ЧПОК 2,GaGa Games,2018,150,18,8,3,30,10,False
Набор ИлиТо + ИлиТо 2,GaGa Games,2016,150,18,18,3,30,10,False
Мрачные Истории: Нелепая Смерть,Стиль Жизни,2010,150,14,15,1,30,15,False
Pathfinder: Ролевая игра. Основная книга правил. Вторая редакция,Hobby World,2008,150,16,2,2,120,90,False
Знаток 118 Схем,Знаток Плюс,2015,150,5,1,1,30,20,False
Pathfinder: Череп и Кандалы. Остров Потухших Глаз,Hobby world,2020,150,12,6,1,90,90,False
Pathfinder: Череп и Кандалы. Цена Вероломства,Hobby World,2019,150,12,6,1,90,90,False
Pathfinder: Череп и Кандалы. Из Глубин Преисподней,Hobby World,2010,150,12,6,1,90,90,False
Мрачные Истории: 50 Чёрных Загадок,Стиль Жизни,2020,150,14,15,1,30,10,False
Пчёлки Дома,Простые Правила,2022,150,4,6,2,30,5,False
Суперралли,Hobby World,2016,150,4,4,2,30,20,False
Трамвай смерти. Добряки и негодяи,Magellan,2015,150,18,13,3,15,15,False
Трамвай смерти. Секреты,Magellan,2016,150,18,13,3,15,15,False
Динозаврикус,Экономикус,2013,150,6,6,1,10,10,False
Миссия «Печеньки»,Стиль Жизни,2008,150,8,4,1,30,30,False
Мухобойка,GAMES Corporation,2017,150,14,8,2,30,30,False
Зов Ктулху. Книга Хранителя,Hobby World,2019,150,18,6,1,60,60,False
Магазин. Магнитная игра для путешествий,Bondibon,2021,150,3,1,1,30,10,False
Палаточный Городок. Загадки Местности,Bondibon,2022,150,5,1,1,30,20,False
Мой Первый Путеводитель. Страны Азии,Bondibon,2018,150,6,4,1,30,15,False
Мой Первый Путеводитель. Страны Европы,Bondibon,2020,150,6,4,1,30,5,False
Умная Сова: Достопримечательности Мира,Bondibon,2022,150,7,4,1,30,5,False
Умная Сова. Любимые Сказки 2,Bondibon,2009,150,3,4,1,30,5,False
Умная сова. Учимся Считать,Bondibon,2017,150,4,4,1,30,10,False
Гравити Фолз: Бесконечное Лето,Hobby World,2021,150,6,4,2,30,10,False
Свинтус Неон,Hobby World,2010,150,5,10,2,15,10,False
Набор Bullet,GaGa Games,2022,150,12,4,1,15,15,False
Драфтозавры: набор дополнений,GaGa Games,2014,150,6,5,2,15,15,False
Набор Драфтозавры,GaGa Games,2008,150,6,5,2,15,15,False
Доббль. Миньоны,Стиль Жизни,2009,150,6,8,2,30,15,False
Охотники,Эврикус,2009,150,6,6,2,30,30,False
Виктроллина,Magellan,2021,150,14,4,4,60,30,False
Куча вопросов,Magellan,2020,150,18,8,3,30,30,False
Shadowrun: Шестой Мир: Свободный Сиэтл,Hobby World,2008,150,18,5,2,60,60,False
Shadowrun: Шестой мир: Основная книга правил,Hobby World,2015,150,18,2,2,30,30,False
У Кого Больше,Экономикус,2021,150,18,8,2,30,10,False
Similo. Сказки,Hobby World,2017,150,8,2,2,10,10,False
Смертельные материалы: Амнезия,Magellan,2009,150,18,6,1,90,90,False
Cutterland,Hobby World,2022,150,10,4,2,90,30,False
Cutterland. Грибница,Hobby World,2012,150,10,4,2,60,30,False
Cutterland. Классика,Hobby World,2009,150,10,4,2,60,30,False
Ужас Аркхэма. Карточная Игра: Нарушенный Круг. Единство и Разочарование,Hobby World,2017,150,13,4,1,120,60,False
Штука. Другие Миры,Экивоки,2016,150,12,7,3,60,30,False
Айс-Класс 2,Стиль Жизни,2008,150,6,4,2,60,30,False
Набор Дорога Приключений + Имя Ветра,GaGa Games,2013,150,12,4,1,30,10,False
Набор Дорога Приключений + Архив Буресвета,GaGa Games,2017,150,12,4,1,60,30,False
Набор Дорога Приключений 3 в 1,GaGa Games,2015,150,12,4,1,60,30,False
Набор Париж: Город Огней + Эйфель,GaGa Games,2013,150,8,2,2,30,30,False
Дельфинчики,Bondibon,2010,150,7,1,1,15,15,False
Монстры Прятки,Bondibon,2017,150,6,1,1,15,15,False
IQ-Цифры,Bondibon,2012,150,7,1,1,30,30,False
IQ-Стрелки,Bondibon,2012,150,7,1,1,30,30,False
Элементарно! Загадочная Болезнь Мэра,Стиль Жизни,2012,150,10,8,1,60,60,False
Самый Ужасный Человек,Magellan,2017,150,18,6,3,10,10,False
Элементарно! Прекрасная Дева,Стиль Жизни,2020,150,10,8,1,60,60,False
Элементарно! Торговец,Стиль Жизни,2022,150,10,8,1,60,60,False
Pathfinder. Настольная ролевая игра. Вторая редакция. Приключение: Неприятности в Отари,Hobby World,2012,150,12,5,2,60,60,False
Ужас Аркхэма. Карточная игра. Ночь Фанатички. Возвращение,Hobby World,2008,150,13,4,1,120,60,False
Домино в светлой деревянной коробке,Partida,2015,150,0,10,2,30,10,False
"Горыныч, жги!",Стиль Жизни,2018,150,8,7,3,30,10,False
Ужас Аркхэма. Карточная игра. Нарушенный круг. Перед Чёрным престолом,Hobby World,2020,150,13,4,1,120,60,False
Спящие Королевы Делюкс,Стиль Жизни,2018,150,8,5,2,30,30,False
Гонки Жуков,Правильные Игры,2015,150,5,4,2,60,30,False
Азбука с Ксюшей и Андрюшей,BrainBox,2008,150,5,5,2,30,30,False
Rory`s Story Cubes Спорт,The Creativity Hub,2013,150,6,10,1,30,30,False
Длань Мануса,Интаглиф,2012,150,14,4,2,30,30,False
Финиш,Hobby World,2009,150,12,4,1,60,60,False
Праздник в Кингспорте,Hobby World,2022,150,14,5,3,90,90,False
Книга Янтарный Город,Studio 101,2014,150,16,1,1,30,30,False
Пробуквы,Простые Правила,2012,150,9,8,2,60,30,False
Территория,Простые Правила,2016,150,8,4,2,60,30,False
Ужас Аркхэма. Карточная Игра: Забытая Эпоха. Расколотая Вечность,Hobby World,2009,150,12,4,1,120,60,False
Клуэдо. Шерлок Холмс,Hasbro,2021,150,8,6,2,90,30,False
За закрытыми дверями. Дело о Паромщике,Стиль Жизни,2012,150,16,12,2,60,30,False
Реликвиум. Полководцы,Интаглиф,2010,150,14,4,2,90,30,False
Сундучок Знаний. Москва,BrainBox,2022,150,8,10,1,30,30,False
Квестик пиратский Мэри,Банда Умников,2022,150,4,1,1,30,30,False
Зарядка для Мозга,Blue Orange,2009,150,8,4,2,30,30,False
Солнечная Долина,Hobby World,2022,150,8,5,2,60,30,False
Бюро Находок,Стиль Жизни,2013,150,5,6,2,15,10,False
Урбис,GaGa Games,2012,150,10,6,2,30,30,False
Венецианские Купцы,Piatnik,2010,150,8,4,2,60,30,False
Бобик или Бублик?,Hobby World,2008,150,7,6,2,15,15,False
Джуманджи. Испытание,Spin Master Games,2017,150,8,4,2,60,30,False
Амон-Ра,Звезда,2011,150,10,5,3,90,60,False
Starfinder. Основная книга правил,Hobby World,2018,150,16,2,2,60,60,False
Нарды Yenigun Элеганс Лейла XXL,Yenigun,2011,150,8,2,2,30,10,False
KeyForge: Массовая мутация. Колода Архонта,Hobby World,2014,150,14,2,2,30,10,False
Фак Мой Мозг,Magellan,2018,150,18,8,3,15,15,False
Шахматы «Кировские» большие,Елки,2017,150,5,2,2,30,30,False
МТГ(АНГЛ): Базовый выпуск 2020: Бустер,Wizards of the Coast,2014,150,13,2,2,30,30,False
МТГ (АНГЛ): Терос: За Порогом Смерти. Бустер,Wizards of the Coast,2013,150,13,2,2,30,30,False
МТГ (АНГЛ): Терос: За Порогом Смерти. Тематический бустер,Wizards of the Coast,2019,150,13,2,2,30,30,False
Гравити Фолз: Битва воспоминаний,Hobby World,2019,150,5,4,2,30,10,False
Пит,Hasbro,2018,150,6,8,3,30,30,False
Русское Лото «Гравировка» в Деревянной Шкатулке,Арстар+,2012,150,5,2,2,15,15,False
Ведьмак. Настольная ролевая игра: Дневник Охотника на Чудовищ,Hobby World,2014,150,18,2,2,120,120,False
MTG: Ikoria: Lair of Behemoths – Коллекционный Бустер,Wizards of the Coast,2010,150,13,2,2,60,30,False
Научно-познавательный набор Мега-Лизун желтый (Re-Агенты),Re-Агенты,2013,150,8,1,1,15,10,False
Научно-познавательный набор Мега-Лизун фиолетовый (Re-Агенты),Re-Агенты,2022,150,8,1,1,15,10,False
Barbie. Вечеринка,Cosmodrome Games,2010,150,8,4,2,30,30,False
MTG. Ikoria Commander 2020: Ruthless Regiment,Wizards of the Coast,2017,150,13,2,2,60,30,False
Лото в Деревянном Сундучке,Орловская Ладья,2020,150,5,2,2,15,15,False
МТГ(англ): Клятва Стражей. Начальный набор,Wizards of the Coast,2014,150,12,2,2,30,30,False
MTG. Ikoria: Lair of Behemoths – Тематический Черный Бустер ,Wizards of the Coast,2008,150,13,2,2,60,30,False
Мортум. Убежище,Lavka Games,2009,150,18,5,1,90,60,False
Шахматы турнирные (Елки),Елки,2009,150,5,2,2,30,30,False
Шахматы обиходные (Елки),Елки,2019,150,5,2,2,30,30,False
MTG. Базовый выпуск 2020 – Пререлизный набор,Wizards of the Coast  ,2022,150,13,2,2,60,30,False
MTG. Иннистрад. Багровая Клятва – Пререлизный набор + 2 сет-бустера,Wizards of the Coast  ,2014,150,13,2,2,60,30,False
Кориолис. Тайна Эмиссара,Studio 101,2021,150,16,5,2,30,30,False
На Марсе. Набор улучшений,Lavka Games,2010,150,12,4,1,60,30,False
Вампиры. Маскарад: Охота на Охотников,Studio 101,2016,150,18,2,2,60,60,False
Тайны Эхосферы. Наши Механические Друзья,Studio 101,2009,150,12,5,1,60,60,False
Эрудит Экспресс,Биплант,2010,150,7,4,2,30,30,False
Монополия. Adventure Time,Hobby World,2013,150,8,6,2,90,90,False
"Прощай, Мистер Лис",Blue Orange,2009,150,5,4,1,10,10,False
Кланк! Экспедиции: Золото и Шелк,Лавка Игр,2010,150,12,4,2,90,60,False
Это нелогично! Суеверные голуби и сила благодарности,Магеллан,2010,150,12,8,2,15,15,False
Клаустрофобия: Пробуждение,Лавка Игр,2008,150,12,4,1,180,180,False
Звездные Империи. Фронтир. Издание 2021,Hobby World,2017,150,12,4,1,60,30,False
Табу: Дети против Родителей,Hasbro,2022,150,8,4,4,30,30,False
Кескифе? (Первое Издание),GaGa Games,2022,150,8,8,4,30,30,False
Тёмные Истории. Джуниор: Розовые Истории,Goliath,2019,150,8,15,2,15,15,False
Монополия. Дженга,США,2013,150,8,4,2,30,30,False
Мемо Беларусь,Нескучные Игры,2014,150,4,2,2,30,10,False
Мемо Казахстан,Нескучные Игры,2021,150,5,2,2,30,10,False
Активити. Казино,Piatnik,2018,150,12,16,4,30,30,False
MTG. Innistrad: Midnight Hunt – Сет-бустер,Wizards of the Coast,2019,150,13,2,2,60,30,False
Книга Мутанты. Путеводитель №3. Смерть Мясоедам!,Studio 101,2021,150,16,2,2,60,60,False
Книга Мутанты. Питомник «Альфа»,Studio101,2019,150,16,2,2,120,120,False
Книга Deadlands: Каталог Смита и Робардса,Studio 101,2013,150,16,1,1,30,30,False
Песочный Человек. Краткие Жизни. Книга 7,Азбука-Аттикус,2018,150,18,1,1,30,10,False
Фигурный деревянный пазл «Эпоха викингов»,Нескучные Игры,2022,150,4,1,1,30,30,False
Фигурный деревянный пазл «Дружок»,Нескучные Игры,2015,150,4,1,1,30,30,False
Фигурный деревянный пазл «Зельеварение»,Нескучные Игры,2010,150,4,1,1,30,30,False
Фигурный деревянный пазл «Принцесса и дракон»,Нескучные Игры,2015,150,4,1,1,30,30,False
Фигурный деревянный пазл «Пряничное настроение»,Нескучные Игры,2019,150,4,1,1,30,30,False
"Фигурный деревянный пазл «Элементарно, Ватсон!»",Нескучные Игры,2015,150,4,1,1,30,30,False
Квеструктор,Правильные игры,2008,150,6,10,2,30,10,False
Профессор Зло. Цитадель Времени,Геменот,2009,150,8,4,2,60,30,False
Нарды + Шашки ,Арстар+,2020,150,6,2,2,60,60,False
Нарды + Шашки ,Арстар+,2018,150,6,2,2,60,60,False
Микрополис,Стиль жизни,2009,150,8,6,2,60,30,False
Фанты «Гулянка»,Мосигра,2012,150,16,2,2,30,30,False
Орлеан. Мини-дополнение Собор,GaGa Games,2014,150,12,4,2,90,60,False
Нарды + Шашки «Сирия Зеленые» малые,Арстар +,2009,150,6,2,2,60,60,False
Книга Мутанты. Точка Отсчёта,Studio101,2020,150,16,2,2,60,60,False
Книга Мутанты. Путеводитель №2. Мёртвое Синее Море,Studio 101,2013,150,16,2,2,60,60,False
Синдикат,Lavka Games,2021,150,12,4,2,60,30,False
Шипы и Розы ,Blue Orange,2018,150,8,6,3,15,15,False
Утиные Истории: Улётное Приключение,Hobby World,2013,150,8,7,3,60,30,False
Иниш. Сезоны,Лавка Игр,2022,150,14,5,2,180,90,False
Активити. Время не Ждёт!,Piatnik,2013,150,12,4,4,90,30,False
Rory's Story Cubes. Астрономия,The Creativity Hub,2018,150,6,9,1,15,15,False
Rory's Story Cubes. Первая Помощь,The Creativity Hub,2022,150,6,9,1,15,15,False
Повелитель Токио: Избушка,GaGa Games,2018,150,8,1,1,30,30,False
Повелители Бездны ,Hobby World,2018,150,8,4,2,90,30,False
Клинки во Тьме. Мстители ,Studio 101,2009,150,16,6,1,60,60,False
Ку-Ка-Ре-Ку,Ravensburger,2015,150,5,4,2,30,10,False
Pathfinder. Серия Приключений Расколотая Звезда. Проклятие Светоча Госпожи,Hobby World,2021,150,18,2,2,30,10,False
Активити. Соло и Команды,Piatnik,2018,150,12,10,3,60,30,False
Звездный путь. Приключение в космосе. Стартовый набор,Студия Пандора Бокс,2022,150,12,6,2,240,150,False
Вампиры: Набор Бланков для Игры,Студия 101,2012,150,18,1,1,30,10,False
Клинки во тьме. Ширма Ведущего для Игры,Studio 101,2019,150,16,8,2,150,60,False
Повелитель Токио: Рождественское Дерево,GaGa Games,2018,150,8,1,1,30,30,False
Rory's Story Cubes. Мистика,The Creativity Hub,2009,150,6,12,1,30,10,False
Взаперти,Hobby World,2015,150,10,5,1,90,90,False
Нарды + Шашки «Сирия Зеленые» средние,Арстар +,2022,150,6,2,2,60,60,False
Клинок и Колдовство. Набор героя Онамор,GaGa Games,2013,150,13,5,1,90,60,False
Умный Микрофон,Zanzoon,2017,150,8,5,2,30,10,False
Пазл-Квест «Обсерватория»,Ravensburger,2020,150,12,1,1,60,60,False
Хоба!,Cosmodrome Games,2021,150,12,6,3,60,30,False
Путь Героя,Crowd Games,2013,150,10,4,1,90,60,False
Седьмое Поколение,Crowd Games,2012,150,18,4,3,90,60,False
Прибамбасы,GaGa Games,2015,150,14,4,2,60,30,False
League of Six: Loyal Retinue,CGE,2020,150,12,6,3,90,60,False
MTG. Икория: Логово Исполинов – Пререлизный Набор,Wizards of the Coast,2010,150,13,2,2,60,30,False
Команавты,Crowd Games,2010,150,14,4,2,120,90,False
Кросс Спринт,Нескучные игры,2016,150,8,10,1,30,30,False
Чёрный Ангел,Crowd Games,2021,150,14,4,1,90,60,False
Дюна: Тайны Великих Домов,GaGa Games,2013,150,16,4,1,180,120,False
Дом Павлова,GaGa Games,2020,150,12,3,1,90,60,False
Dungeon Petz,GaGa Games,2022,150,14,4,2,90,60,False
Можно ваш телефончик?,Magellan,2020,150,18,6,2,30,30,False
Подлодка,Crowd Games,2010,150,12,4,1,120,30,False
Форсаж: Гонки Мафии,Фабрика игр,2011,150,12,5,3,60,30,False
Сквозь Грёзы,GaGa Games,2020,150,8,4,2,30,30,False
Хвастливая Лягушка,Стиль Жизни,2021,150,7,6,2,30,30,False
Лагерь Карибу,Gigamic ,2019,150,8,7,3,30,30,False
Зомбицид. Вульфсбург,Hobby World,2017,150,13,10,1,60,60,False
Игра Престолов: Десница Короля,Hobby World,2020,150,14,4,2,30,30,False
Лаборатория,Нескучные игры,2020,150,8,4,2,60,30,False
Набор счетчиков уровней Манчкин Зомби,Hobby World,2019,150,10,6,3,60,30,False
Муза (Первое Издание),GaGa Games,2011,150,10,12,2,30,30,False
По Щелчку! Мертвый Сезон,Фабрика Игр,2012,150,8,10,1,60,30,False
Вторжение с Небес,GaGa Games,2022,150,12,1,1,30,30,False
Стой на Своем,GaGa Games,2019,150,12,4,2,30,30,False
