victoria71,Знаток,11,False
scott41,Просто зашел,48,False
brent68,Профессионал,53,False
gwendolynfuentes,Новичок,22,False
michael78,Профессионал,54,False
goldentracey,Легенда,29,False
charlesflores,Опытный,4,False
nguyenscott,Знаток,56,False
dbaker,Просто зашел,4,False
valenzuelamary,Просто зашел,78,False
alvarezregina,Знаток,86,False
sonia94,Профессионал,61,False
vpeters,Знаток,90,False
lyonsmark,Знаток,62,False
aflores,Знаток,81,False
emily96,Бывалый,70,False
ecook,Легенда,20,False
mario84,Легенда,42,False
andrewzimmerman,Профессионал,82,False
ucross,Бывалый,94,False
wspencer,Любитель,85,False
christopher29,Новичок,18,False
robertwallace,Просто зашел,63,False
sandersjuan,Новичок,15,False
rgarrett,Любитель,46,False
theresa86,Знаток,26,False
laurakeith,Знаток,49,False
vhodges,Профессионал,61,False
jasonballard,Знаток,87,False
westjennifer,Любитель,91,False
jasminetaylor,Легенда,78,False
teresareyes,Просто зашел,2,False
oanderson,Просто зашел,29,False
ewilson,Просто зашел,28,False
sharon37,Просто зашел,41,False
shannon88,Профессионал,50,False
kvargas,Легенда,18,False
joseglover,Бывалый,39,False
douglas58,Опытный,81,False
robertlambert,Просто зашел,12,False
smithmichael,Новичок,9,False
thomasleach,Бывалый,14,False
patriciadavenport,Любитель,70,False
alicia10,Новичок,32,False
nwheeler,Знаток,32,False
wsullivan,Просто зашел,94,False
michael23,Профессионал,67,False
taylortracy,Любитель,78,False
gvillanueva,Просто зашел,41,False
terri20,Новичок,45,False
mary55,Опытный,37,False
randy19,Легенда,78,False
tracycollins,Новичок,47,False
petersondawn,Бывалый,75,False
raycynthia,Просто зашел,87,False
bookermichael,Любитель,56,False
angelatrevino,Легенда,76,False
cisneroschristopher,Любитель,4,False
jayala,Легенда,12,False
davisjustin,Бывалый,85,False
marybowen,Просто зашел,70,False
xpratt,Опытный,44,False
scott93,Профессионал,14,False
ruizjoyce,Опытный,54,False
jessicapadilla,Просто зашел,42,False
aimeeholder,Любитель,90,False
brian11,Легенда,11,False
thomasfuller,Легенда,97,False
sergiosims,Бывалый,24,False
andrewcamacho,Легенда,22,False
jacob54,Новичок,74,False
diana61,Профессионал,47,False
cory20,Знаток,38,False
kingraymond,Опытный,12,False
jmcdonald,Опытный,0,False
michaelhamilton,Бывалый,9,False
monique69,Опытный,92,False
lisa39,Бывалый,92,False
veronicafranklin,Опытный,6,False
ddiaz,Профессионал,98,False
sean70,Любитель,36,False
michaelluna,Любитель,54,False
twilson,Легенда,23,False
olindsey,Знаток,38,False
eatonscott,Опытный,1,False
joseph80,Легенда,28,False
maria11,Бывалый,73,False
opeterson,Новичок,84,False
jessica65,Знаток,26,False
lucasbrennan,Знаток,26,False
matthewperez,Любитель,85,False
uwest,Любитель,56,False
coreystark,Новичок,52,False
jillvillegas,Опытный,34,False
adam53,Опытный,48,False
nmcfarland,Опытный,35,False
jessepeterson,Просто зашел,30,False
christyflores,Новичок,46,False
tandrews,Опытный,50,False
briana87,Бывалый,88,False
fwilliams,Просто зашел,97,False
kimberly11,Профессионал,21,False
danielle23,Профессионал,51,False
ray16,Любитель,56,False
manuelwilliams,Профессионал,10,False
nhurst,Новичок,79,False
paul58,Бывалый,18,False
hernandezmichaela,Легенда,65,False
bortega,Знаток,61,False
kristinemoore,Легенда,57,False
bonniethomas,Опытный,79,False
beverly92,Опытный,96,False
markweber,Легенда,76,False
justin25,Опытный,13,False
johngriffin,Новичок,28,False
ohorne,Любитель,84,False
estradajose,Знаток,45,False
karenblack,Любитель,17,False
morganryan,Новичок,71,False
destinygillespie,Бывалый,9,False
mzimmerman,Бывалый,9,False
marcia38,Бывалый,87,False
robert41,Профессионал,51,False
peter35,Просто зашел,18,False
rossjohn,Любитель,26,False
burtoneric,Знаток,59,False
jacqueline67,Профессионал,22,False
melissa50,Просто зашел,32,False
wbarton,Любитель,89,False
christy66,Профессионал,39,False
ramossandy,Новичок,10,False
xjohnston,Новичок,87,False
nathaniel93,Бывалый,93,False
davidvasquez,Просто зашел,58,False
castroandrew,Опытный,79,False
hernandezjeffrey,Новичок,72,False
joseph53,Опытный,40,False
yjimenez,Новичок,100,False
danielsjulie,Любитель,44,False
nicoleschmidt,Профессионал,19,False
ianvargas,Бывалый,51,False
luishiggins,Знаток,82,False
austinparks,Легенда,96,False
karengonzalez,Новичок,80,False
jessica69,Знаток,45,False
sestrada,Профессионал,60,False
hartmanjeffrey,Бывалый,21,False
pritter,Бывалый,44,False
sherry81,Новичок,25,False
christopherwhite,Профессионал,5,False
ashleypeterson,Любитель,32,False
calderonjerry,Профессионал,13,False
timothy66,Опытный,73,False
madison34,Легенда,58,False
joyce24,Новичок,98,False
cgonzalez,Профессионал,93,False
chenkatelyn,Просто зашел,76,False
lisa91,Новичок,50,False
aberg,Любитель,10,False
laurahunter,Просто зашел,25,False
nmorris,Новичок,49,False
ycarson,Просто зашел,13,False
fgilmore,Любитель,31,False
wesley55,Бывалый,76,False
brittany99,Опытный,14,False
jaimecarter,Опытный,18,False
rodneywilliams,Любитель,11,False
benjamin16,Бывалый,9,False
logan90,Профессионал,7,False
gvelasquez,Просто зашел,91,False
jeff18,Легенда,74,False
paul01,Легенда,100,False
matthew88,Бывалый,86,False
lisa36,Опытный,50,False
wilsonmary,Просто зашел,89,False
veronicaalvarado,Профессионал,40,False
christopher31,Опытный,97,False
juan78,Бывалый,88,False
vnorris,Опытный,62,False
donaldbeasley,Опытный,52,False
michael96,Легенда,32,False
milleremily,Легенда,59,False
boydamanda,Знаток,33,False
brian19,Профессионал,16,False
kimwise,Легенда,18,False
davismackenzie,Знаток,80,False
thomasrobert,Профессионал,53,False
larsonrobert,Профессионал,7,False
lcain,Любитель,24,False
hstark,Бывалый,34,False
nwilson,Знаток,4,False
john23,Новичок,81,False
jacqueline43,Опытный,12,False
shawn74,Новичок,83,False
gabriellegonzales,Опытный,42,False
kylegould,Просто зашел,30,False
randallanderson,Просто зашел,66,False
smithryan,Бывалый,84,False
ctate,Новичок,53,False
walter25,Бывалый,38,False
jsimpson,Любитель,42,False
bennettmichael,Опытный,41,False
frank34,Новичок,6,False
kbrown,Любитель,6,False
millerariel,Просто зашел,84,False
melindapotter,Новичок,34,False
byrdbreanna,Новичок,74,False
kimberlybarber,Легенда,24,False
anitaramirez,Знаток,52,False
isimmons,Новичок,47,False
annadams,Бывалый,67,False
rodriguezcurtis,Опытный,88,False
fryejennifer,Профессионал,45,False
michaelthompson,Новичок,54,False
jessica71,Бывалый,97,False
amanda80,Знаток,88,False
bauerjohn,Новичок,41,False
heathersmith,Любитель,97,False
james00,Профессионал,50,False
william49,Любитель,40,False
derekmejia,Легенда,61,False
vcampbell,Легенда,56,False
braunmatthew,Опытный,99,False
tarajohnson,Опытный,59,False
danielandrews,Профессионал,64,False
jonescarl,Любитель,30,False
morgan10,Опытный,62,False
gene84,Просто зашел,2,False
johnsoncameron,Просто зашел,100,False
wattsandrew,Любитель,28,False
camposjeffrey,Бывалый,25,False
patrick27,Профессионал,62,False
creynolds,Профессионал,73,False
clifford52,Опытный,70,False
englishwilliam,Знаток,60,False
christina63,Любитель,64,False
hannahhale,Новичок,30,False
rebecca95,Знаток,38,False
fbrown,Новичок,21,False
christopherclark,Легенда,17,False
christopher81,Бывалый,53,False
camachoheather,Любитель,45,False
hbell,Знаток,79,False
medinashirley,Профессионал,73,False
rodriguezjames,Просто зашел,44,False
charles95,Легенда,83,False
khanson,Знаток,90,False
christopherbaker,Профессионал,57,False
sara58,Новичок,99,False
garciashawn,Профессионал,49,False
stevensonthomas,Профессионал,74,False
dustin79,Бывалый,7,False
nmyers,Новичок,14,False
chadallen,Знаток,57,False
joelevans,Новичок,67,False
ecarter,Любитель,82,False
boonejoseph,Профессионал,17,False
taylorisabel,Просто зашел,23,False
fosterandrew,Опытный,12,False
gabrielwhite,Просто зашел,29,False
wkelly,Знаток,63,False
lesliesantana,Новичок,25,False
zacharymills,Просто зашел,67,False
ellisleon,Профессионал,65,False
mary28,Знаток,78,False
mikeosborne,Любитель,32,False
pcooper,Любитель,37,False
dconway,Новичок,70,False
bethwalker,Легенда,74,False
belindawaters,Новичок,43,False
marywright,Новичок,43,False
james26,Любитель,63,False
rioschristopher,Знаток,6,False
randyjones,Знаток,52,False
ggould,Новичок,68,False
benjaminrichardson,Бывалый,85,False
natasha88,Новичок,99,False
paul27,Любитель,17,False
michaelgutierrez,Любитель,33,False
kwalton,Новичок,27,False
leonardjustin,Легенда,80,False
yho,Профессионал,1,False
haynesjames,Профессионал,65,False
hughesandre,Знаток,2,False
lindseytara,Знаток,7,False
vincentmegan,Знаток,19,False
kennethhampton,Опытный,75,False
michaelfox,Знаток,76,False
byrdtiffany,Бывалый,41,False
kelly79,Опытный,16,False
brownlucas,Знаток,55,False
sharoncervantes,Любитель,80,False
sara48,Знаток,27,False
mckinneyvalerie,Знаток,82,False
aaron15,Легенда,59,False
christy22,Бывалый,99,False
troy42,Любитель,57,False
janet59,Просто зашел,49,False
torresmitchell,Опытный,1,False
jedwards,Любитель,48,False
thomas97,Бывалый,98,False
michaelcole,Легенда,60,False
wpetersen,Опытный,20,False
davidbaxter,Новичок,72,False
doristucker,Просто зашел,74,False
amandasampson,Профессионал,39,False
williamrich,Опытный,18,False
johnwhite,Опытный,31,False
ernestjoseph,Профессионал,89,False
robert65,Любитель,31,False
vdavis,Профессионал,87,False
whitney13,Просто зашел,68,False
donaldnguyen,Просто зашел,76,False
suzanne22,Просто зашел,50,False
romerojohn,Бывалый,53,False
andredorsey,Профессионал,93,False
georgehayes,Новичок,18,False
george97,Легенда,82,False
hayesmiranda,Любитель,54,False
vsmith,Просто зашел,17,False
tracypayne,Бывалый,53,False
kristi48,Опытный,26,False
hwilliams,Любитель,60,False
johnsonsteve,Профессионал,93,False
koconnor,Просто зашел,46,False
tiffany54,Новичок,61,False
gfuller,Новичок,93,False
cwilliams,Просто зашел,94,False
kathrynhernandez,Опытный,96,False
jacksonkrista,Просто зашел,32,False
wkirk,Новичок,68,False
pconley,Знаток,84,False
franklinchad,Опытный,9,False
alyssa00,Легенда,36,False
patricia04,Бывалый,35,False
smithtara,Новичок,22,False
umclean,Просто зашел,85,False
erin25,Бывалый,44,False
erika89,Профессионал,97,False
stewarterin,Любитель,14,False
cochrancynthia,Бывалый,12,False
harrisbenjamin,Просто зашел,20,False
kristopherjones,Профессионал,96,False
martincasey,Любитель,87,False
lgray,Новичок,74,False
chelseafields,Опытный,57,False
nancymoore,Новичок,5,False
spencer16,Любитель,100,False
bridgescheryl,Знаток,23,False
ssolis,Новичок,60,False
whicks,Новичок,80,False
logandavis,Знаток,78,False
proctorangela,Легенда,63,False
edward85,Бывалый,45,False
acostamichael,Легенда,59,False
elizabethwalls,Просто зашел,66,False
yvonne81,Любитель,22,False
fletcherjason,Бывалый,34,False
barbararogers,Знаток,31,False
jeremy52,Бывалый,85,False
erikgilbert,Новичок,51,False
thomas46,Легенда,68,False
frederickreynolds,Профессионал,44,False
andre90,Просто зашел,48,False
markshelton,Новичок,56,False
angelamccoy,Профессионал,49,False
mirandatanner,Любитель,57,False
hannah34,Легенда,29,False
chad41,Профессионал,25,False
esharp,Легенда,89,False
emily59,Профессионал,90,False
steven72,Новичок,95,False
martin39,Бывалый,42,False
alexander19,Легенда,93,False
lewiswhitney,Бывалый,53,False
jamesphillips,Просто зашел,99,False
james17,Бывалый,72,False
krystalmartinez,Просто зашел,97,False
theresa04,Профессионал,43,False
zmurphy,Знаток,84,False
christinahanna,Просто зашел,8,False
brownnicole,Знаток,28,False
yrice,Просто зашел,87,False
gonzaleznatasha,Любитель,23,False
powellmelissa,Новичок,84,False
ualvarez,Любитель,82,False
orush,Любитель,97,False
serranotammy,Знаток,68,False
vescobar,Знаток,16,False
frenchmartin,Легенда,41,False
duncanchristine,Просто зашел,2,False
meaganrios,Легенда,7,False
frankchase,Просто зашел,89,False
leonardlouis,Бывалый,10,False
scott01,Знаток,88,False
ashleygill,Опытный,27,False
lmichael,Бывалый,67,False
shannon71,Опытный,100,False
hcummings,Знаток,55,False
kgriffin,Просто зашел,89,False
steinsteven,Просто зашел,40,False
wmurphy,Опытный,31,False
iking,Знаток,47,False
karen54,Просто зашел,47,False
zjones,Знаток,74,False
natashathomas,Новичок,67,False
stevenwright,Знаток,4,False
renee23,Знаток,95,False
jennifer65,Бывалый,14,False
uhicks,Бывалый,16,False
griffinchristine,Новичок,86,False
alexandra38,Профессионал,66,False
shelly51,Просто зашел,32,False
justinbryant,Просто зашел,95,False
imay,Новичок,28,False
samanthamay,Просто зашел,62,False
rwade,Профессионал,11,False
ovargas,Профессионал,22,False
browncory,Любитель,71,False
diazmatthew,Знаток,91,False
timothy78,Профессионал,4,False
zjackson,Легенда,52,False
bernardjerry,Знаток,33,False
johnbailey,Просто зашел,55,False
sheena33,Новичок,34,False
lydiabryant,Новичок,43,False
thompsonrobert,Знаток,89,False
mckenziebrian,Просто зашел,66,False
davislisa,Новичок,39,False
brian40,Бывалый,72,False
bobbyhenderson,Новичок,21,False
michaelchapman,Знаток,41,False
grantbradley,Бывалый,96,False
browncynthia,Знаток,34,False
sdodson,Просто зашел,21,False
edwardsnicolas,Знаток,41,False
ryansullivan,Профессионал,54,False
catherinemoore,Новичок,29,False
rodriguezscott,Легенда,41,False
jo63,Знаток,91,False
ttucker,Легенда,82,False
rebecca40,Знаток,68,False
cameron57,Легенда,72,False
muellerbrian,Любитель,53,False
harrisjon,Опытный,54,False
alanswanson,Новичок,43,False
larrymcclure,Новичок,64,False
ugarcia,Просто зашел,18,False
joshua39,Профессионал,92,False
zgreene,Любитель,40,False
baxterdarrell,Знаток,39,False
michelle77,Любитель,39,False
michaelbrowning,Легенда,1,False
bcruz,Новичок,100,False
donna12,Новичок,43,False
martin93,Легенда,14,False
courtney19,Профессионал,61,False
brandiking,Профессионал,83,False
bradleychristian,Бывалый,71,False
keithskinner,Опытный,0,False
markcordova,Новичок,71,False
popeshannon,Легенда,49,False
ascott,Легенда,74,False
mboyd,Легенда,36,False
dsharp,Бывалый,77,False
jorgerogers,Бывалый,79,False
njohnson,Просто зашел,47,False
williamsjoseph,Бывалый,97,False
kevin13,Просто зашел,76,False
obarton,Бывалый,35,False
nreeves,Знаток,44,False
mariah27,Знаток,81,False
ecooper,Профессионал,71,False
wbradley,Просто зашел,92,False
amberibarra,Знаток,54,False
kim65,Профессионал,6,False
colemanemily,Любитель,79,False
martinezpaula,Знаток,55,False
franciscobaker,Опытный,95,False
williamsdavid,Новичок,40,False
mccanndavid,Бывалый,78,False
kathryn39,Профессионал,99,False
mitchellsusan,Просто зашел,94,False
qmccoy,Любитель,34,False
obriendebra,Новичок,23,False
christopher58,Знаток,93,False
rebecca17,Бывалый,86,False
alexanderrobert,Опытный,79,False
elizabethsimpson,Легенда,80,False
huntjose,Бывалый,16,False
sandradavis,Профессионал,47,False
robertfields,Опытный,62,False
stoneamber,Профессионал,35,False
johnny28,Любитель,10,False
michaelshea,Легенда,15,False
tnicholson,Профессионал,62,False
dmitchell,Опытный,39,False
dsmith,Просто зашел,35,False
thompsonbarbara,Новичок,32,False
dwilson,Бывалый,46,False
otucker,Легенда,37,False
todd19,Любитель,5,False
amber81,Просто зашел,16,False
alejandra41,Легенда,51,False
pricescott,Бывалый,41,False
baxterbrittany,Просто зашел,31,False
dwaynespencer,Профессионал,11,False
janetcarter,Любитель,67,False
erinsmith,Новичок,63,False
sestrada,Просто зашел,7,False
rjohnson,Знаток,48,False
michaelgordon,Новичок,20,False
robinpearson,Опытный,53,False
vdonovan,Бывалый,34,False
vortiz,Знаток,50,False
simonann,Бывалый,44,False
toddrowland,Профессионал,30,False
joshua16,Легенда,5,False
laura86,Просто зашел,20,False
tylerhill,Опытный,42,False
flowersmary,Просто зашел,14,False
moonstephanie,Знаток,27,False
bbaldwin,Бывалый,76,False
stephanie78,Просто зашел,36,False
trobles,Бывалый,83,False
lisa05,Бывалый,53,False
anna17,Новичок,9,False
mccormickpatricia,Новичок,5,False
sbrown,Бывалый,83,False
smithchristopher,Бывалый,63,False
devon12,Бывалый,97,False
pecklydia,Новичок,72,False
keith69,Любитель,67,False
paulawilliams,Любитель,29,False
christinamendez,Легенда,46,False
uhernandez,Опытный,78,False
vhill,Просто зашел,73,False
bcarroll,Бывалый,83,False
daltonalyssa,Знаток,14,False
paulanderson,Новичок,58,False
megan62,Новичок,14,False
bushdavid,Любитель,76,False
dennis23,Профессионал,64,False
kaitlyn09,Опытный,47,False
kevin61,Профессионал,42,False
anthonynovak,Просто зашел,18,False
pneal,Просто зашел,57,False
lisa09,Просто зашел,48,False
david33,Профессионал,22,False
jameshardy,Просто зашел,22,False
ocardenas,Любитель,24,False
icole,Профессионал,31,False
mckenziescott,Знаток,86,False
valerietate,Профессионал,30,False
madisontaylor,Опытный,72,False
michealdecker,Знаток,9,False
benjaminhammond,Легенда,4,False
kimberlysullivan,Опытный,37,False
joshuaramirez,Профессионал,50,False
jessica57,Легенда,28,False
angela05,Знаток,36,False
josephbradford,Любитель,34,False
stephenskyle,Любитель,86,False
gmoore,Опытный,40,False
tina92,Опытный,46,False
leekenneth,Знаток,73,False
paulamorris,Профессионал,73,False
lindagalvan,Просто зашел,54,False
timothyclark,Бывалый,98,False
sshaw,Любитель,42,False
nielsenkendra,Знаток,25,False
eruiz,Профессионал,9,False
hilledward,Новичок,89,False
benjamin66,Просто зашел,19,False
phyllis62,Легенда,28,False
frank11,Бывалый,16,False
hsmith,Профессионал,88,False
nicolecampos,Новичок,72,False
lhenderson,Бывалый,20,False
kelly98,Знаток,5,False
laurenfox,Профессионал,36,False
rodriguezlisa,Любитель,96,False
probles,Знаток,99,False
wperry,Легенда,75,False
elliottryan,Легенда,99,False
nicholsoncheryl,Знаток,84,False
williamlewis,Просто зашел,45,False
paynedanielle,Бывалый,92,False
david55,Бывалый,84,False
christopherluna,Знаток,87,False
christopherwilson,Просто зашел,38,False
shawnnorton,Знаток,26,False
julie37,Просто зашел,91,False
emilycolon,Новичок,5,False
maryboyer,Профессионал,12,False
gedwards,Просто зашел,3,False
psnyder,Опытный,79,False
williamthompson,Легенда,95,False
lesliehuerta,Профессионал,35,False
moorekarina,Легенда,31,False
cdean,Новичок,26,False
willisjackie,Любитель,90,False
codystokes,Опытный,7,False
lynchjonathan,Бывалый,49,False
diana44,Просто зашел,23,False
mglover,Просто зашел,20,False
sarah32,Бывалый,20,False
joshuakelley,Бывалый,0,False
amandasullivan,Любитель,33,False
jay97,Легенда,37,False
marybryant,Просто зашел,75,False
dmalone,Легенда,90,False
hayesmelissa,Любитель,25,False
john56,Опытный,30,False
graybrandy,Профессионал,24,False
ethompson,Новичок,7,False
vdorsey,Знаток,27,False
matthew96,Любитель,21,False
holly03,Опытный,27,False
steven64,Просто зашел,10,False
huntmargaret,Знаток,40,False
margaret73,Профессионал,83,False
evan86,Просто зашел,55,False
ubaker,Просто зашел,26,False
shannon33,Новичок,88,False
teresawilson,Просто зашел,31,False
qyoung,Любитель,95,False
hlewis,Знаток,26,False
angela01,Просто зашел,45,False
gordonangela,Профессионал,12,False
thorntonrobert,Новичок,1,False
shelley76,Бывалый,92,False
santanabenjamin,Любитель,48,False
greenkelly,Любитель,81,False
emma50,Бывалый,14,False
vmolina,Профессионал,98,False
lopezthomas,Любитель,70,False
choward,Профессионал,72,False
anthony69,Новичок,27,False
jennifer87,Профессионал,13,False
khernandez,Опытный,81,False
njones,Просто зашел,5,False
mclaughlinaustin,Опытный,96,False
crobinson,Легенда,90,False
thomas42,Новичок,15,False
douglas91,Легенда,83,False
shawn85,Профессионал,22,False
angela28,Профессионал,2,False
mcleanjennifer,Профессионал,82,False
mollysilva,Профессионал,39,False
adambaxter,Опытный,21,False
gilbertkim,Опытный,81,False
lindsey22,Знаток,79,False
dana99,Любитель,4,False
msmith,Бывалый,97,False
jill75,Профессионал,8,False
mlawson,Знаток,38,False
amy98,Бывалый,18,False
danielmoreno,Новичок,35,False
tonyadelacruz,Легенда,16,False
jill20,Профессионал,59,False
jesseroberts,Опытный,99,False
jeremyeaton,Знаток,87,False
mariocline,Легенда,88,False
kmeyer,Просто зашел,68,False
anthonycolleen,Бывалый,34,False
jenniferthompson,Просто зашел,98,False
ralvarado,Легенда,86,False
john93,Бывалый,69,False
olsentanya,Новичок,67,False
millerrachel,Знаток,91,False
duanedunn,Опытный,42,False
danielsaunders,Опытный,6,False
shull,Профессионал,67,False
victoriahoover,Новичок,6,False
pjones,Знаток,85,False
barronjerry,Любитель,79,False
davisroger,Профессионал,27,False
ruben13,Опытный,9,False
ewillis,Знаток,46,False
vargasbrian,Знаток,52,False
gsmith,Опытный,100,False
benjamin06,Опытный,71,False
cstephens,Бывалый,49,False
erikpotts,Легенда,96,False
mcneiladrian,Новичок,30,False
cynthia28,Новичок,10,False
dtaylor,Знаток,92,False
kristin59,Легенда,69,False
burnssarah,Профессионал,18,False
josesmith,Легенда,50,False
sarahbriggs,Профессионал,27,False
trevor20,Легенда,100,False
gayheather,Опытный,11,False
esantos,Бывалый,37,False
ortizmichael,Бывалый,52,False
youngbrandi,Легенда,53,False
chamberskimberly,Новичок,9,False
ryan46,Просто зашел,34,False
ufischer,Просто зашел,69,False
hberger,Любитель,49,False
lhernandez,Бывалый,65,False
chelseacarpenter,Опытный,96,False
jeremymills,Просто зашел,1,False
shawnbradley,Профессионал,81,False
keyscott,Бывалый,58,False
nicholasortiz,Новичок,76,False
jesusgiles,Просто зашел,58,False
mcguireevan,Профессионал,10,False
adriandavis,Новичок,68,False
donaldtaylor,Бывалый,74,False
uwilson,Просто зашел,48,False
nathanielgonzales,Профессионал,80,False
rose19,Бывалый,87,False
huffrebecca,Легенда,63,False
gabrielharrell,Знаток,92,False
tyler18,Профессионал,48,False
gallaghermichael,Бывалый,40,False
hectorwalton,Просто зашел,22,False
jessicacooper,Легенда,76,False
katelyn44,Просто зашел,67,False
charles57,Знаток,74,False
walkerfrancis,Бывалый,66,False
hornecarl,Опытный,61,False
justin82,Просто зашел,91,False
jonathonarnold,Опытный,56,False
zacharymartinez,Легенда,77,False
powerskarina,Легенда,27,False
zyoung,Любитель,56,False
monica15,Новичок,8,False
dana39,Новичок,30,False
jefferyhughes,Любитель,33,False
mbest,Легенда,71,False
pattersonmary,Просто зашел,1,False
kingram,Опытный,38,False
johnsonemily,Легенда,79,False
adamlester,Легенда,26,False
charles95,Профессионал,31,False
jsmith,Новичок,89,False
carlabarnett,Любитель,8,False
alexanderyates,Новичок,24,False
wallacematthew,Профессионал,10,False
jthomas,Знаток,72,False
whitakerscott,Опытный,95,False
loganlloyd,Новичок,36,False
anthony61,Легенда,69,False
mooremichael,Профессионал,68,False
laura08,Новичок,75,False
heidimedina,Бывалый,8,False
malloryenglish,Любитель,65,False
megangross,Знаток,32,False
juliangray,Знаток,7,False
erinnguyen,Любитель,38,False
laurietaylor,Просто зашел,32,False
tiffanycook,Любитель,27,False
davidwolf,Легенда,54,False
goodwinsydney,Знаток,0,False
dgray,Легенда,91,False
jaime65,Легенда,20,False
robert50,Профессионал,46,False
evansbrian,Новичок,85,False
jacoblittle,Бывалый,23,False
bbarnes,Любитель,23,False
nguyenjason,Просто зашел,40,False
erichayes,Просто зашел,84,False
alyssacohen,Знаток,28,False
jlawson,Опытный,12,False
bvelez,Опытный,48,False
tonya21,Знаток,72,False
jason79,Профессионал,14,False
tdecker,Легенда,26,False
dixonlawrence,Бывалый,44,False
salazarkristine,Опытный,11,False
david30,Бывалый,16,False
erica28,Знаток,70,False
markday,Знаток,19,False
barneskristen,Легенда,1,False
taguilar,Легенда,47,False
dbyrd,Легенда,49,False
johnsonamanda,Опытный,78,False
adam39,Опытный,36,False
allenann,Любитель,55,False
zhuffman,Просто зашел,63,False
jennifer05,Легенда,40,False
qbrown,Опытный,72,False
wstewart,Знаток,99,False
zcrawford,Знаток,99,False
lbryan,Знаток,33,False
bernardsonia,Знаток,83,False
jocelyn15,Просто зашел,37,False
jessicahenry,Знаток,39,False
patriciamiller,Новичок,95,False
charlesho,Любитель,82,False
whiteryan,Просто зашел,45,False
aleonard,Легенда,79,False
hmason,Опытный,24,False
rosskelly,Бывалый,45,False
jacob12,Профессионал,88,False
amber82,Легенда,81,False
kyle06,Бывалый,14,False
rsmith,Просто зашел,64,False
pettyjoy,Легенда,3,False
pamela96,Знаток,30,False
brittany07,Любитель,13,False
matthewfreeman,Новичок,69,False
linda22,Легенда,28,False
rebeccabrown,Любитель,45,False
angela16,Опытный,49,False
adamsnicole,Знаток,84,False
christophermarquez,Любитель,95,False
rlopez,Опытный,94,False
donald73,Профессионал,75,False
briana35,Опытный,72,False
dakota00,Бывалый,11,False
hessdaniel,Бывалый,32,False
tim17,Просто зашел,37,False
alvin08,Знаток,48,False
mandrews,Новичок,77,False
jennifer93,Легенда,69,False
gonzalezkrista,Новичок,40,False
oliviamcdonald,Новичок,45,False
imann,Просто зашел,1,False
russellalexander,Бывалый,93,False
jenniferwagner,Профессионал,21,False
hroman,Профессионал,21,False
oscar69,Опытный,98,False
bethany49,Новичок,0,False
osbornedaniel,Любитель,24,False
david78,Профессионал,5,False
rpratt,Знаток,17,False
darrellmiller,Новичок,5,False
cknox,Профессионал,79,False
cesar48,Просто зашел,60,False
youngandrew,Любитель,85,False
tiffanyaguilar,Опытный,60,False
spencerbrandon,Бывалый,45,False
greenesamuel,Опытный,44,False
fbailey,Бывалый,95,False
kimberlyshelton,Профессионал,16,False
xleach,Просто зашел,22,False
waderyan,Любитель,9,False
mcintoshadam,Любитель,24,False
storres,Бывалый,98,False
smartinez,Любитель,92,False
lvasquez,Знаток,37,False
pamelafranklin,Знаток,5,False
emily82,Опытный,65,False
janice55,Профессионал,13,False
twilliams,Профессионал,31,False
theodore25,Новичок,71,False
orodriguez,Любитель,84,False
theresabarnes,Просто зашел,71,False
dawnjohnson,Просто зашел,11,False
melissahale,Профессионал,92,False
jeffreyphillips,Легенда,87,False
alanwalker,Просто зашел,75,False
danielrivera,Любитель,16,False
lindamatthews,Легенда,36,False
mhiggins,Знаток,80,False
michaelmiller,Любитель,59,False
collinsalexis,Бывалый,6,False
courtneyspence,Новичок,18,False
marshallsamantha,Бывалый,89,False
uclark,Новичок,86,False
matthew90,Новичок,18,False
justin51,Просто зашел,86,False
pamela28,Знаток,54,False
hcampbell,Любитель,35,False
jacquelinemcgrath,Опытный,83,False
edwardsanthony,Профессионал,76,False
melissawood,Легенда,89,False
trancheryl,Новичок,93,False
nathanjones,Любитель,18,False
fblackwell,Бывалый,85,False
richardalvarado,Любитель,30,False
bmendez,Любитель,46,False
etaylor,Легенда,58,False
gcooper,Легенда,58,False
walter09,Просто зашел,15,False
cgonzales,Любитель,96,False
allenbrandon,Профессионал,28,False
ihamilton,Новичок,65,False
dmckenzie,Новичок,17,False
zpayne,Бывалый,71,False
tracydean,Легенда,45,False
zwilson,Новичок,61,False
rwallace,Легенда,92,False
woodsmelissa,Опытный,78,False
amanda43,Любитель,60,False
pshields,Любитель,35,False
michael88,Профессионал,42,False
lindsay93,Профессионал,17,False
saraprice,Знаток,98,False
owilson,Легенда,30,False
ccarlson,Любитель,64,False
wmartin,Любитель,11,False
qhernandez,Легенда,13,False
thompsonchristopher,Легенда,33,False
oanderson,Бывалый,48,False
chelsea63,Бывалый,51,False
whitepatricia,Просто зашел,16,False
debrareynolds,Легенда,19,False
evelynmorrow,Бывалый,42,False
nmartinez,Бывалый,30,False
beckanna,Просто зашел,70,False
jacquelinelopez,Знаток,48,False
roberthayes,Опытный,68,False
nbaker,Просто зашел,46,False
lhuff,Знаток,83,False
mendezpaul,Знаток,19,False
stevenreynolds,Новичок,89,False
michellenavarro,Просто зашел,5,False
murraydanny,Знаток,16,False
joseph47,Опытный,40,False
youngjames,Любитель,7,False
potterpaul,Любитель,11,False
jasonsmith,Бывалый,90,False
josephmorris,Любитель,47,False
hernandezcurtis,Опытный,1,False
heatherwood,Легенда,80,False
mitchellrice,Профессионал,41,False
rcoleman,Легенда,50,False
justin76,Просто зашел,60,False
patricia74,Просто зашел,92,False
hhanson,Любитель,79,False
brandon62,Знаток,78,False
anthony53,Любитель,16,False
mcgrathjoseph,Просто зашел,59,False
ryanpotts,Просто зашел,18,False
donna88,Опытный,84,False
sawyertammy,Легенда,0,False
lbecker,Новичок,99,False
andrewhoward,Бывалый,73,False
joshua26,Опытный,96,False
marcus23,Знаток,63,False
melaniesingh,Просто зашел,50,False
gmeyer,Профессионал,6,False
ronnieadams,Любитель,91,False
perezrobert,Бывалый,59,False
collinskim,Профессионал,32,False
barnesbrian,Новичок,12,False
glewis,Бывалый,15,False
anagibson,Просто зашел,69,False
millerthomas,Бывалый,18,False
jmitchell,Просто зашел,4,False
jennifer71,Легенда,33,False
eolson,Опытный,39,False
rachelle,Новичок,69,False
ryanwallace,Просто зашел,81,False
jacksondeborah,Новичок,97,False
ggarrett,Профессионал,67,False
michael42,Профессионал,67,False
kirkjoseph,Опытный,63,False
paul10,Новичок,15,False
jacksonamanda,Бывалый,87,False
kyle15,Новичок,11,False
ibruce,Любитель,3,False
virginiabeck,Профессионал,73,False
imitchell,Любитель,33,False
lvillegas,Новичок,1,False
julielara,Любитель,58,False
melissa72,Бывалый,81,False
danny07,Новичок,62,False
robertlewis,Знаток,66,False
sara97,Любитель,90,False
wsimmons,Новичок,69,False
heather64,Опытный,15,False
joshua45,Просто зашел,15,False
lynn99,Знаток,29,False
levictoria,Новичок,15,False
garciadouglas,Опытный,75,False
rvaughn,Легенда,59,False
pmoore,Просто зашел,41,False
christopher78,Знаток,2,False
greenbelinda,Опытный,69,False
lmarsh,Профессионал,23,False
bethcole,Знаток,74,False
matthewdunlap,Просто зашел,17,False
benderzoe,Любитель,72,False
rhudson,Бывалый,49,False
matthewbaird,Новичок,22,False
sonyamora,Профессионал,81,False
james24,Любитель,72,False
ialvarez,Знаток,23,False
charles96,Профессионал,6,False
sherry53,Профессионал,20,False
oedwards,Легенда,74,False
ryan76,Новичок,57,False
joelwilcox,Новичок,50,False
mark99,Любитель,2,False
youngmitchell,Знаток,68,False
rhodesjulie,Опытный,70,False
harrisonjoseph,Просто зашел,29,False
sarahwalsh,Просто зашел,6,False
ldelgado,Просто зашел,14,False
rachel78,Опытный,24,False
rosborn,Любитель,76,False
yrussell,Бывалый,33,False
christine29,Бывалый,40,False
luis44,Профессионал,5,False
rebecca06,Любитель,63,False
tylersmith,Легенда,87,False
austingoodwin,Легенда,11,False
mccallkatherine,Любитель,0,False
vincentlawson,Просто зашел,22,False
wadejoseph,Профессионал,90,False
ymorgan,Профессионал,82,False
vanessa12,Знаток,53,False
andrew93,Новичок,52,False
stephenmontgomery,Любитель,85,False
cgriffin,Легенда,87,False
singletonsharon,Любитель,52,False
hcampbell,Легенда,2,False
yangamanda,Профессионал,64,False
nguyenandrew,Просто зашел,100,False
ibarradavid,Профессионал,12,False
donna95,Просто зашел,2,False
alexandra57,Легенда,57,False
joanna97,Легенда,31,False
woodangela,Легенда,94,False
sherry63,Бывалый,1,False
kristenhensley,Профессионал,77,False
barnesleslie,Опытный,56,False
tony40,Профессионал,59,False
wagnercharles,Легенда,20,False
jason85,Любитель,75,False
cmoses,Легенда,25,False
hernandezemily,Легенда,63,False
bschultz,Опытный,9,False
xramirez,Легенда,24,False
joe89,Знаток,46,False
sarahbird,Бывалый,90,False
emily44,Новичок,87,False
chad93,Новичок,43,False
john92,Новичок,11,False
jefferywoods,Бывалый,55,False
crawfordjames,Легенда,93,False
perrytony,Любитель,46,False
ccook,Просто зашел,78,False
rebeccahamilton,Профессионал,77,False
dwayneroth,Знаток,26,False
mcbridekristine,Профессионал,24,False
zwashington,Просто зашел,98,False
michaellopez,Бывалый,17,False
ckim,Любитель,9,False
hollyedwards,Любитель,53,False
gilbertkaren,Любитель,69,False
monicamiller,Просто зашел,45,False
kellydean,Легенда,28,False
stephen74,Легенда,35,False
yolanda97,Любитель,52,False
slewis,Знаток,77,False
bpatterson,Любитель,64,False
thomassimmons,Любитель,30,False
cindy73,Новичок,91,False
gjenkins,Знаток,95,False
jmaxwell,Любитель,60,False
johnhayes,Новичок,56,False
taylordennis,Новичок,92,False
joshua44,Знаток,84,False
ambermyers,Любитель,1,False
warrenmelissa,Знаток,22,False
gbenson,Опытный,59,False
brittanythomas,Любитель,76,False
joycedestiny,Знаток,7,False
rkey,Опытный,15,False
chad83,Опытный,23,False
pughmark,Просто зашел,2,False
thomascollins,Бывалый,88,False
gilmoremegan,Новичок,45,False
dianagregory,Новичок,50,False
jessemorris,Любитель,63,False
guerrasarah,Любитель,68,False
alexandria14,Профессионал,93,False
gregory78,Любитель,69,False
morrisonashley,Легенда,97,False
mitchellmark,Любитель,68,False
karengreen,Любитель,93,False
hklein,Бывалый,88,False
rclay,Любитель,53,False
martinezmeghan,Новичок,1,False
muellerrenee,Любитель,62,False
thompsonjohnny,Опытный,84,False
victorlittle,Профессионал,99,False
johnsonmelissa,Опытный,82,False
katie48,Любитель,83,False
dawnchambers,Бывалый,98,False
diane65,Любитель,34,False
rachelgarcia,Любитель,23,False
fosterruben,Новичок,56,False
joannaibarra,Новичок,47,False
amyhill,Опытный,93,False
latasha27,Бывалый,3,False
ttaylor,Просто зашел,61,False
davidcook,Новичок,58,False
valerie29,Новичок,21,False
natalieayala,Бывалый,9,False
jamie59,Знаток,84,False
gdaugherty,Просто зашел,17,False
cgrant,Любитель,66,False
newmanrichard,Просто зашел,37,False
qharris,Знаток,96,False
lopezcassidy,Легенда,22,False
parkkevin,Бывалый,11,False
lewisjason,Любитель,88,False
maynardjocelyn,Новичок,12,False
isabellaadkins,Просто зашел,28,False
laura87,Профессионал,78,False
vrose,Новичок,20,False
ashley55,Знаток,61,False
stricklandkiara,Бывалый,53,False
gregorybarrett,Любитель,67,False
christina92,Опытный,50,False
olopez,Знаток,99,False
bridgetwalker,Легенда,97,False
martinezvirginia,Просто зашел,71,False
amy19,Новичок,34,False
christopher49,Просто зашел,59,False
belindadennis,Опытный,31,False
bford,Знаток,15,False
stonetracy,Знаток,3,False
sonia91,Легенда,54,False
fredericksmith,Просто зашел,89,False
lori42,Бывалый,3,False
dklein,Знаток,50,False
cookdenise,Знаток,30,False
clarkstephen,Опытный,10,False
victor52,Опытный,85,False
ashleyharrell,Знаток,27,False
brandon58,Легенда,34,False
uford,Просто зашел,23,False
sheliamyers,Любитель,83,False
walshderrick,Легенда,89,False
lturner,Бывалый,47,False
tsellers,Просто зашел,47,False
oconnorkelly,Опытный,100,False
reedashley,Легенда,7,False
sonyafisher,Просто зашел,60,False
vnorman,Бывалый,67,False
courtneyjones,Любитель,98,False
erik03,Новичок,26,False
gina45,Опытный,36,False
deborah32,Новичок,36,False
stevenschristopher,Просто зашел,42,False
oscar14,Легенда,53,False
ricechristine,Любитель,34,False
brenda44,Новичок,63,False
mario34,Любитель,83,False
orodriguez,Любитель,8,False
brewerryan,Профессионал,98,False
jacquelineweaver,Просто зашел,35,False
carpentersophia,Профессионал,15,False
josemoreno,Знаток,59,False
matthew44,Легенда,29,False
gdavis,Просто зашел,82,False
zmoore,Опытный,48,False
jjackson,Любитель,46,False
jasonjackson,Новичок,40,False
afisher,Профессионал,99,False
christopherroth,Новичок,29,False
wongjohn,Новичок,72,False
lramos,Просто зашел,26,False
rowetimothy,Профессионал,26,False
christina76,Просто зашел,39,False
jennifer26,Просто зашел,15,False
mossrachael,Новичок,78,False
heatherhughes,Опытный,58,False
moralesnicholas,Бывалый,16,False
monicaberry,Бывалый,55,False
smithstephen,Бывалый,50,False
courtney87,Опытный,55,False
russellmoss,Новичок,60,False
ruth49,Опытный,31,False
uhawkins,Профессионал,91,False
jorgerollins,Легенда,92,False
awilson,Опытный,23,False
melaniematthews,Профессионал,66,False
erin49,Легенда,38,False
joshua97,Профессионал,46,False
tadams,Любитель,17,False
ryansparks,Профессионал,64,False
parkerkyle,Знаток,10,False
russelleric,Легенда,64,False
phillipsjohn,Легенда,26,False
wbaker,Любитель,86,False
brittney35,Бывалый,6,False
alexander55,Легенда,61,False
daniel12,Легенда,31,False
pamela49,Бывалый,18,False
abruce,Любитель,77,False
james69,Знаток,8,False
uharris,Любитель,80,False
phillip29,Просто зашел,9,False
davethomas,Просто зашел,12,False
hbrown,Профессионал,87,False
gail37,Легенда,55,False
melanie82,Просто зашел,57,False
mday,Профессионал,51,False
dfrost,Опытный,78,False
wardkristy,Опытный,30,False
brianna62,Легенда,93,False
kendra10,Бывалый,63,False
elizabeth79,Опытный,20,False
guzmanrobert,Профессионал,26,False
angelareed,Новичок,67,False
munozjoshua,Новичок,76,False
patrickwilliams,Новичок,33,False
timothy70,Новичок,95,False
ballardbrandon,Новичок,14,False
lbarton,Новичок,75,False
nichole33,Просто зашел,31,False
unelson,Легенда,13,False
christophervega,Любитель,10,False
sferguson,Бывалый,12,False
adavidson,Профессионал,4,False
scottmark,Опытный,35,False
epena,Просто зашел,44,False
jramos,Любитель,67,False
kevin84,Новичок,71,False
kimberly09,Любитель,15,False
mark21,Опытный,71,False
hickskerri,Новичок,33,False
taylorpeter,Профессионал,49,False
davidjensen,Знаток,17,False
taylordesiree,Любитель,92,False
velasqueztyler,Легенда,92,False
davenporttracy,Новичок,10,False
simmonskristi,Легенда,49,False
butlerkelly,Знаток,99,False
heather43,Опытный,40,False
jasonmendez,Легенда,94,False
kingdonald,Легенда,31,False
mallorybowers,Любитель,70,False
anthonygentry,Просто зашел,60,False
christopherkhan,Знаток,4,False
michaelbraun,Знаток,40,False
hillbrittany,Новичок,29,False
ashleyhull,Просто зашел,26,False
yvargas,Бывалый,49,False
jesusmartinez,Легенда,25,False
patrick38,Опытный,94,False
kingangel,Профессионал,30,False
rodgersdanielle,Профессионал,87,False
yburke,Профессионал,79,False
qgonzalez,Профессионал,41,False
drewyoder,Легенда,53,False
apatrick,Знаток,83,False
ellisryan,Опытный,36,False
kathryn05,Профессионал,18,False
brettsmith,Легенда,49,False
richard08,Новичок,45,False
jonathan53,Знаток,96,False
cassierichards,Знаток,49,False
sandygentry,Опытный,2,False
aaronmartin,Опытный,29,False
vblair,Новичок,83,False
wellssusan,Профессионал,19,False
kimyoung,Опытный,24,False
elizabeth76,Просто зашел,38,False
jayduncan,Любитель,76,False
clarkjason,Бывалый,71,False
frankcarey,Профессионал,22,False
adam60,Новичок,13,False
michealramirez,Профессионал,66,False
sdickson,Просто зашел,84,False
marynorman,Знаток,41,False
smithsydney,Любитель,7,False
perezkimberly,Опытный,44,False
rebecca72,Новичок,72,False
hmoore,Бывалый,27,False
samanthavalenzuela,Любитель,72,False
oscarparrish,Новичок,45,False
bhansen,Легенда,54,False
nathan65,Бывалый,54,False
perezmarc,Знаток,23,False
medinaalexander,Профессионал,64,False
jeanette68,Бывалый,43,False
shughes,Бывалый,80,False
michaelmendoza,Просто зашел,2,False
karenneal,Бывалый,18,False
carrie83,Знаток,47,False
mike63,Просто зашел,50,False
evan88,Опытный,35,False
scott90,Любитель,78,False
barrbrenda,Бывалый,2,False
qwright,Профессионал,92,False
kevin76,Любитель,40,False
leemorgan,Бывалый,87,False
butlerjames,Просто зашел,54,False
olewis,Любитель,92,False
joyceamy,Опытный,57,False
grahamjonathan,Легенда,15,False
hilllindsey,Любитель,69,False
terri55,Легенда,6,False
hortiz,Профессионал,96,False
klee,Бывалый,33,False
tonyadavis,Легенда,33,False
martinmarie,Просто зашел,22,False
kristenlee,Любитель,33,False
petersonjohn,Легенда,34,False
amy58,Опытный,50,False
richardsonjennifer,Бывалый,1,False
scottalbert,Любитель,75,False
elizabeth56,Бывалый,7,False
petergill,Опытный,66,False
wesleywhite,Знаток,3,False
paynerobert,Легенда,22,False
xmoore,Новичок,15,False
connie32,Новичок,15,False
austinstrickland,Знаток,95,False
ugibson,Новичок,19,False
alansmith,Профессионал,13,False
greg91,Опытный,17,False
meghanlee,Любитель,52,False
michael35,Легенда,80,False
matthew00,Бывалый,36,False
drodriguez,Опытный,40,False
john32,Знаток,78,False
davidgreer,Легенда,0,False
pgomez,Опытный,13,False
gardneramy,Бывалый,14,False
qjohnston,Бывалый,74,False
kristina14,Новичок,49,False
sdavis,Профессионал,47,False
lindaodonnell,Профессионал,80,False
zweeks,Легенда,85,False
marcoanderson,Опытный,49,False
chartman,Профессионал,1,False
hoodchristopher,Опытный,42,False
leviwilliams,Профессионал,1,False
erika85,Просто зашел,74,False
joshuajohns,Любитель,28,False
efoster,Новичок,98,False
aburke,Просто зашел,22,False
emily98,Легенда,33,False
rossdustin,Новичок,15,False
debragonzalez,Опытный,79,False
michael75,Опытный,68,False
djohnson,Просто зашел,93,False
jessica36,Знаток,40,False
williamsalison,Легенда,53,False
stevenstara,Бывалый,25,False
hannahhill,Любитель,76,False
troy37,Легенда,94,False
vicki15,Легенда,64,False
cdennis,Любитель,10,False
sandraroberts,Просто зашел,85,False
ynichols,Знаток,75,False
greenmichael,Просто зашел,50,False
imartinez,Легенда,9,False
nwall,Опытный,68,False
tbolton,Любитель,23,False
davisbrandon,Опытный,11,False
jessejohnson,Знаток,90,False
eric82,Знаток,24,False
pricejames,Знаток,2,False
keyallen,Новичок,6,False
wattslogan,Опытный,34,False
joyschultz,Знаток,41,False
morrisondaniel,Любитель,39,False
david46,Знаток,28,False
maryrios,Новичок,37,False
john42,Профессионал,40,False
christopherwalls,Просто зашел,21,False
downsglenda,Профессионал,41,False
sharonvega,Профессионал,5,False
hfox,Просто зашел,77,False
fwilliamson,Профессионал,70,False
dbradley,Бывалый,56,False
xdavis,Любитель,99,False
kthomas,Знаток,17,False
burgessgregory,Любитель,97,False
pjones,Опытный,48,False
anthonymullins,Новичок,57,False
davilamichael,Любитель,5,False
gomezkayla,Бывалый,38,False
ritaberg,Бывалый,55,False
joshua30,Бывалый,44,False
browncarla,Опытный,94,False
lproctor,Профессионал,21,False
levimcintyre,Новичок,32,False
markskevin,Просто зашел,1,False
paulaharrington,Профессионал,45,False
ritterkatie,Просто зашел,84,False
kennethsnyder,Профессионал,57,False
nnoble,Легенда,3,False
stephen51,Просто зашел,38,False
lfox,Легенда,51,False
gsanders,Бывалый,85,False
jrose,Просто зашел,43,False
matajeffrey,Знаток,32,False
sheltontracey,Бывалый,39,False
jpayne,Просто зашел,47,False
wfoster,Профессионал,11,False
simpsondavid,Новичок,93,False
johnnyjohnson,Опытный,4,False
tammy10,Опытный,77,False
cavery,Бывалый,99,False
hbishop,Бывалый,30,False
lemichelle,Бывалый,67,False
alexanderlee,Просто зашел,29,False
carrie32,Новичок,50,False
ocasey,Знаток,66,False
colliermary,Любитель,88,False
dwilliams,Бывалый,79,False
andreaharris,Просто зашел,10,False
diana81,Профессионал,17,False
marklamb,Знаток,30,False
atkinsdavid,Новичок,49,False
ecollins,Новичок,20,False
karen14,Легенда,81,False
acompton,Просто зашел,14,False
angela93,Знаток,93,False
oramirez,Любитель,89,False
coxbrittany,Любитель,0,False
craigdyer,Легенда,29,False
wwong,Знаток,68,False
joshua07,Любитель,46,False
rdalton,Бывалый,94,False
charleslopez,Бывалый,97,False
jacobwilson,Просто зашел,62,False
yyoung,Бывалый,24,False
pattonmelanie,Профессионал,57,False
zmorgan,Профессионал,79,False
yalexander,Просто зашел,37,False
jferguson,Новичок,20,False
pateljustin,Профессионал,9,False
melissa50,Профессионал,5,False
breanna56,Просто зашел,11,False
kyle97,Бывалый,15,False
jacksonbrittany,Бывалый,24,False
ucampbell,Просто зашел,91,False
thompsonchristopher,Знаток,87,False
cheryl96,Легенда,10,False
deanna33,Бывалый,31,False
adamsmith,Опытный,48,False
carl80,Знаток,1,False
tammie40,Новичок,38,False
josephperez,Профессионал,73,False
angela39,Любитель,63,False
barbaramendoza,Просто зашел,96,False
mcmillanconnor,Просто зашел,52,False
nicholas63,Профессионал,34,False
wilsonjason,Бывалый,43,False
grant59,Новичок,33,False
carriecox,Профессионал,23,False
brandon26,Бывалый,5,False
carolyncarter,Профессионал,98,False
gparker,Знаток,28,False
andrewskelly,Просто зашел,72,False
lauren69,Новичок,40,False
sarahmartin,Легенда,55,False
james82,Знаток,58,False
lunamelissa,Бывалый,26,False
amanda46,Просто зашел,26,False
cgray,Профессионал,6,False
holtmichelle,Опытный,30,False
amorgan,Новичок,84,False
smithgeorge,Знаток,39,False
peterstimothy,Новичок,78,False
fostermichael,Знаток,53,False
navarropatricia,Знаток,1,False
georgebrewer,Новичок,93,False
jordanconner,Любитель,69,False
wbennett,Профессионал,29,False
robert37,Новичок,20,False
annrivers,Опытный,46,False
william20,Профессионал,41,False
richardslisa,Опытный,15,False
christine00,Бывалый,91,False
boonedavid,Легенда,41,False
weisslee,Новичок,47,False
roger87,Бывалый,14,False
brookscody,Просто зашел,40,False
simonjared,Новичок,0,False
whitney29,Легенда,66,False
jeffreyhurst,Новичок,15,False
rushmichael,Просто зашел,32,False
ashleyfox,Легенда,93,False
dthornton,Профессионал,91,False
erin90,Новичок,47,False
heather33,Профессионал,60,False
carriewalker,Опытный,1,False
keithbrown,Новичок,5,False
dominickane,Легенда,7,False
qbrown,Легенда,88,False
michellemendez,Легенда,4,False
dparker,Новичок,11,False
winterschristine,Новичок,68,False
ggallagher,Просто зашел,38,False
ihill,Новичок,28,False
troy81,Просто зашел,84,False
psoto,Легенда,78,False
jeanettemcbride,Просто зашел,93,False
kristine42,Знаток,39,False
james32,Профессионал,100,False
pblanchard,Опытный,16,False
rhonda96,Профессионал,53,False
lalexander,Легенда,47,False
reginald14,Опытный,40,False
andersonjacqueline,Опытный,91,False
bryancross,Новичок,34,False
michaelsmith,Бывалый,43,False
joshuacarlson,Просто зашел,64,False
gcampbell,Бывалый,55,False
larrygarza,Любитель,42,False
cooperelizabeth,Опытный,11,False
albertrogers,Любитель,92,False
sarah20,Знаток,1,False
jasonroberts,Опытный,100,False
hkirby,Новичок,84,False
angela23,Легенда,44,False
gutierrezchristopher,Профессионал,18,False
scooper,Бывалый,68,False
justinarias,Любитель,60,False
oliverhenry,Бывалый,61,False
joshuaarellano,Профессионал,92,False
caseyaguilar,Опытный,17,False
steven71,Бывалый,36,False
timothywilliams,Профессионал,35,False
connerkrystal,Знаток,99,False
uavila,Знаток,91,False
wilsonbeth,Легенда,44,False
shelia84,Знаток,38,False
xmatthews,Профессионал,93,False
mdavis,Просто зашел,19,False
lisaramirez,Легенда,42,False
kylefernandez,Опытный,26,False
rivastara,Любитель,67,False
jamesmorales,Опытный,20,False
vcampbell,Опытный,19,False
graybrandon,Знаток,60,False
joelmeyer,Просто зашел,3,False
joycehall,Опытный,27,False
boothmike,Знаток,83,False
sarahchandler,Любитель,57,False
joycenavarro,Опытный,12,False
tiffanymorales,Бывалый,21,False
fwillis,Новичок,78,False
danielrichardson,Бывалый,46,False
nicoleburns,Просто зашел,28,False
cherylchen,Знаток,23,False
ronaldcollins,Просто зашел,71,False
mariawashington,Новичок,13,False
rthompson,Новичок,50,False
travissmith,Опытный,48,False
stevenaustin,Знаток,2,False
ehawkins,Просто зашел,39,False
ssimpson,Опытный,81,False
alisonestrada,Просто зашел,35,False
jacquelinechandler,Легенда,32,False
irubio,Новичок,82,False
jdixon,Легенда,78,False
danieladams,Бывалый,66,False
mariabell,Знаток,78,False
matthewgonzalez,Новичок,74,False
sotomelissa,Опытный,44,False
richardperkins,Любитель,93,False
samanthapatterson,Знаток,30,False
michael04,Просто зашел,94,False
bryantkatelyn,Просто зашел,20,False
alexanderandrew,Любитель,92,False
kimberlyeaton,Знаток,33,False
lanthony,Любитель,91,False
becklisa,Любитель,5,False
jbrennan,Знаток,29,False
nhunter,Опытный,43,False
billylamb,Легенда,86,False
aguilarbrenda,Просто зашел,86,False
hickstimothy,Профессионал,97,False
williamsmaria,Любитель,58,False
garrettmaynard,Новичок,12,False
wboone,Любитель,4,False
michelle92,Профессионал,78,False
samantha27,Опытный,60,False
brittanyramos,Опытный,45,False
riosdawn,Новичок,33,False
jewing,Опытный,27,False
kara43,Любитель,20,False
christyhernandez,Опытный,26,False
sdavis,Бывалый,86,False
pauladurham,Новичок,69,False
nicole21,Любитель,71,False
laura68,Профессионал,17,False
mccoysabrina,Опытный,62,False
jenniferthompson,Любитель,28,False
ojacobson,Бывалый,99,False
scott21,Бывалый,100,False
eturner,Новичок,3,False
griffinmonica,Опытный,63,False
timothywood,Легенда,2,False
ljones,Бывалый,26,False
jerome78,Новичок,87,False
leslieatkins,Просто зашел,78,False
cfrederick,Любитель,9,False
randywalton,Бывалый,59,False
uclark,Бывалый,5,False
roypope,Бывалый,72,False
ellisonpaul,Опытный,60,False
colemaneric,Опытный,93,False
amberlewis,Любитель,73,False
melissa72,Знаток,90,False
jasonanderson,Бывалый,17,False
daniel51,Знаток,70,False
kelleykelsey,Любитель,33,False
ricardomontgomery,Опытный,36,False
brownsamantha,Опытный,25,False
harriserin,Любитель,57,False
timothybriggs,Легенда,36,False
april40,Любитель,21,False
cobbronnie,Знаток,37,False
anthony16,Легенда,97,False
kyle80,Профессионал,100,False
kurtlewis,Бывалый,72,False
harrisanna,Бывалый,80,False
dustin91,Знаток,45,False
rhonda87,Новичок,9,False
moonbarbara,Опытный,36,False
kevinstevenson,Профессионал,20,False
bboyle,Знаток,21,False
nward,Легенда,76,False
joe31,Бывалый,77,False
kaitlyn45,Любитель,57,False
hharper,Легенда,83,False
dominicmann,Новичок,61,False
kenneth11,Профессионал,59,False
courtneykennedy,Знаток,76,False
khanedward,Просто зашел,37,False
shirley34,Бывалый,40,False
juliaglass,Легенда,19,False
michaelperez,Легенда,4,False
allison58,Знаток,26,False
chrisgreen,Легенда,1,False
josephmartinez,Легенда,42,False
deborah32,Просто зашел,4,False
morgan15,Любитель,14,False
tylersteve,Знаток,46,False
aaron53,Профессионал,80,False
mboyd,Опытный,43,False
betty68,Просто зашел,83,False
hutchinsoncindy,Опытный,62,False
adamstravis,Легенда,35,False
faith47,Легенда,52,False
brooksshaun,Просто зашел,18,False
fsellers,Бывалый,14,False
juliaball,Новичок,29,False
amandalamb,Бывалый,68,False
samantha95,Опытный,57,False
nbradley,Профессионал,39,False
jorge48,Любитель,25,False
matthewbenton,Бывалый,8,False
vshea,Легенда,51,False
williammoreno,Любитель,1,False
paulross,Легенда,17,False
brooke80,Бывалый,46,False
russellpatterson,Знаток,44,False
hmonroe,Новичок,13,False
dustin49,Опытный,57,False
dunnsandra,Опытный,18,False
bdudley,Новичок,32,False
donnanelson,Любитель,56,False
dunlappamela,Любитель,4,False
ashley80,Опытный,21,False
simpsontina,Профессионал,52,False
millerjamie,Опытный,24,False
valerielopez,Бывалый,76,False
williamwatson,Профессионал,0,False
madeline90,Просто зашел,38,False
brian46,Новичок,98,False
elliottbelinda,Новичок,95,False
stephen30,Новичок,4,False
nkelley,Бывалый,14,False
ncontreras,Легенда,93,False
james18,Опытный,86,False
diane02,Любитель,3,False
hannahmoran,Просто зашел,12,False
westsarah,Бывалый,67,False
gabriel93,Знаток,49,False
mcculloughtammy,Бывалый,19,False
hurstjose,Любитель,59,False
gadams,Опытный,42,False
melody38,Бывалый,89,False
rwood,Легенда,84,False
kristy75,Бывалый,7,False
nwarren,Любитель,45,False
tbradley,Знаток,25,False
pagepatrick,Легенда,40,False
hsteele,Просто зашел,14,False
austinkathryn,Просто зашел,94,False
hughesryan,Знаток,69,False
williamskaren,Знаток,17,False
hspears,Бывалый,31,False
wprice,Профессионал,29,False
johncox,Бывалый,63,False
georgemedina,Просто зашел,36,False
alexischapman,Знаток,41,False
jessica75,Новичок,30,False
michael90,Легенда,13,False
wmorris,Бывалый,23,False
davisjack,Знаток,80,False
amy52,Профессионал,47,False
jameskelly,Легенда,93,False
dreeves,Бывалый,91,False
lliu,Опытный,59,False
emiller,Любитель,85,False
joeljones,Знаток,79,False
mccormickkatherine,Бывалый,7,False
stephanie87,Профессионал,19,False
susanadams,Опытный,42,False
kenneth82,Любитель,26,False
kristin77,Новичок,50,False
lisa87,Просто зашел,98,False
bushellen,Профессионал,72,False
qcoleman,Профессионал,96,False
norman73,Знаток,33,False
kolson,Бывалый,83,False
william28,Бывалый,46,False
jbean,Знаток,42,False
dmurray,Профессионал,51,False
stephensanthony,Любитель,48,False
johnsonkrystal,Легенда,6,False
cassandranoble,Легенда,86,False
thaley,Легенда,99,False
samantha90,Профессионал,5,False
jessejordan,Профессионал,79,False
victorhernandez,Опытный,31,False
xgeorge,Профессионал,41,False
wgarrett,Любитель,38,False
aaronrichmond,Новичок,14,False
juan39,Просто зашел,55,False
pglenn,Легенда,64,False
lhall,Легенда,82,False
rthompson,Профессионал,43,False
richardwilson,Просто зашел,61,False
michelleharmon,Бывалый,43,False
dawn47,Опытный,66,False
powelljesus,Знаток,74,False
anthony97,Новичок,33,False
ifrank,Новичок,68,False
julia46,Любитель,72,False
kmcclure,Профессионал,7,False
manuelweber,Новичок,23,False
lle,Легенда,1,False
brittany43,Любитель,83,False
daisy20,Опытный,43,False
kthomas,Просто зашел,33,False
lindahunter,Любитель,23,False
russoshane,Легенда,32,False
joshuafreeman,Любитель,31,False
scottjohnathan,Просто зашел,47,False
adkinspaige,Бывалый,78,False
amygonzalez,Бывалый,89,False
nreyes,Любитель,23,False
cynthiabyrd,Просто зашел,1,False
howardbrenda,Бывалый,20,False
katherinejenkins,Любитель,22,False
snowstephanie,Новичок,60,False
briana79,Профессионал,99,False
nbuckley,Любитель,54,False
loliver,Просто зашел,85,False
dbowen,Просто зашел,42,False
jennifer42,Бывалый,95,False
flewis,Новичок,99,False
crystal77,Знаток,23,False
jmiller,Профессионал,0,False
kimberly12,Опытный,32,False
stevenhampton,Легенда,21,False
ojohnson,Новичок,15,False
egraham,Опытный,26,False
ronaldsmith,Опытный,99,False
gstrong,Новичок,42,False
joshuanelson,Знаток,61,False
jonathan21,Любитель,38,False
amandagates,Новичок,39,False
smithraymond,Легенда,30,False
gdickerson,Знаток,52,False
hwilson,Профессионал,91,False
terri75,Любитель,63,False
amber39,Знаток,25,False
bbanks,Знаток,7,False
eric53,Любитель,96,False
robertbyrd,Легенда,62,False
lbutler,Легенда,25,False
calvinrobinson,Бывалый,59,False
jwatson,Опытный,68,False
bhernandez,Бывалый,53,False
amy55,Новичок,88,False
stephanie62,Просто зашел,41,False
danathomas,Знаток,84,False
dstein,Бывалый,32,False
rbell,Знаток,21,False
johnburke,Знаток,22,False
bhawkins,Любитель,89,False
plewis,Знаток,69,False
michael98,Знаток,43,False
christopherschmidt,Профессионал,22,False
hensonadam,Знаток,13,False
rasmussenjessica,Любитель,17,False
bmccoy,Знаток,58,False
kellystephens,Новичок,97,False
brittany83,Опытный,97,False
bucknicholas,Новичок,45,False
veronicalittle,Профессионал,58,False
victoria40,Легенда,69,False
jacksondiana,Любитель,19,False
prestongregory,Опытный,27,False
ann11,Любитель,12,False
timothy21,Легенда,50,False
cenglish,Опытный,96,False
matthewbridges,Бывалый,33,False
bauerandrew,Опытный,47,False
kimberly87,Бывалый,32,False
lauraroth,Профессионал,66,False
nicholsonvalerie,Новичок,78,False
arichards,Новичок,89,False
chamilton,Новичок,30,False
stephanie65,Профессионал,87,False
brownfrank,Любитель,15,False
saragordon,Любитель,10,False
bartonwillie,Любитель,57,False
jessicabanks,Легенда,64,False
clarkheather,Профессионал,40,False
bmatthews,Легенда,1,False
angelanguyen,Новичок,9,False
jamie85,Любитель,38,False
chad32,Бывалый,34,False
shermantimothy,Профессионал,41,False
victoriaanderson,Любитель,46,False
greenwilliam,Бывалый,3,False
lawrence60,Опытный,25,False
calvin53,Легенда,5,False
fhall,Профессионал,25,False
christopher19,Опытный,91,False
carlarobbins,Знаток,99,False
tinataylor,Легенда,64,False
adam61,Любитель,87,False
brittany01,Просто зашел,96,False
tjefferson,Любитель,25,False
richard48,Легенда,28,False
beckysmith,Знаток,27,False
tara77,Легенда,59,False
hickmanlisa,Любитель,99,False
jeffery57,Опытный,48,False
pdouglas,Любитель,54,False
ronaldthomas,Легенда,45,False
gmccall,Легенда,82,False
lawsonjessica,Бывалый,53,False
wilsonlauren,Профессионал,0,False
ncooley,Опытный,35,False
zpeterson,Знаток,36,False
joneswillie,Любитель,36,False
iross,Опытный,68,False
sarahgill,Знаток,64,False
michaelmalone,Новичок,34,False
smithsandra,Бывалый,96,False
rachel14,Опытный,4,False
iodonnell,Опытный,36,False
juliehorn,Легенда,28,False
danielcarter,Легенда,45,False
littleeric,Профессионал,30,False
stephanie28,Любитель,88,False
austincannon,Любитель,49,False
burnsderek,Опытный,48,False
walkerpatricia,Новичок,8,False
jeffrey71,Опытный,82,False
jacquelineluna,Знаток,72,False
larryrandall,Знаток,46,False
jennifer26,Бывалый,70,False
ywarren,Профессионал,83,False
amymalone,Профессионал,2,False
todd19,Знаток,91,False
farrellshawn,Легенда,3,False
lance56,Новичок,93,False
brendamanning,Любитель,16,False
brentjohnson,Легенда,68,False
benjaminlarsen,Профессионал,1,False
fferguson,Знаток,94,False
frankshane,Опытный,82,False
chanmichael,Бывалый,14,False
cdaniels,Профессионал,29,False
bkelly,Бывалый,78,False
austin15,Новичок,75,False
hallmichael,Профессионал,80,False
wendy97,Знаток,10,False
taylor09,Просто зашел,83,False
kpayne,Легенда,80,False
garrett13,Профессионал,68,False
kimberly64,Просто зашел,82,False
krivera,Опытный,18,False
rubenlewis,Легенда,68,False
tmcintyre,Просто зашел,89,False
flane,Любитель,39,False
jortega,Любитель,11,False
christyrussell,Бывалый,61,False
gdelacruz,Бывалый,90,False
julie18,Просто зашел,88,False
rodriguezbrandon,Новичок,4,False
rjohnson,Бывалый,9,False
pbrown,Любитель,30,False
plane,Просто зашел,95,False
frenchemily,Новичок,7,False
csingh,Новичок,43,False
vargasdevin,Опытный,35,False
daniel62,Любитель,19,False
corycannon,Знаток,84,False
hlopez,Новичок,59,False
navarrostephen,Бывалый,22,False
alilaura,Новичок,43,False
colemannathan,Профессионал,87,False
corey41,Новичок,55,False
zacharyjones,Любитель,8,False
zgarner,Любитель,1,False
sstanley,Знаток,83,False
chad54,Опытный,18,False
bfields,Знаток,19,False
qtaylor,Новичок,82,False
josephsmith,Просто зашел,46,False
jeromediaz,Знаток,97,False
nataliedaniels,Опытный,17,False
robertsonheather,Любитель,57,False
ncaldwell,Знаток,43,False
amber49,Просто зашел,86,False
shawnmcdonald,Легенда,26,False
rbrown,Любитель,10,False
laurenreed,Просто зашел,8,False
ryan86,Просто зашел,16,False
dayvincent,Новичок,84,False
hensleyyolanda,Опытный,81,False
stevensonjeffery,Легенда,92,False
josephjudy,Легенда,25,False
maryreid,Просто зашел,72,False
williesilva,Знаток,87,False
markglass,Бывалый,15,False
williamsdonald,Любитель,24,False
vlewis,Легенда,84,False
devin73,Любитель,97,False
jeremypratt,Легенда,12,False
vanessaedwards,Новичок,70,False
cmoran,Просто зашел,51,False
jessicaterrell,Любитель,5,False
michael49,Знаток,33,False
rbaker,Новичок,31,False
lmoran,Любитель,91,False
briana42,Легенда,22,False
joannasanchez,Просто зашел,58,False
heidibarrera,Профессионал,89,False
brianrodriguez,Бывалый,72,False
kathleen05,Бывалый,69,False
bwilliamson,Опытный,3,False
christopher46,Просто зашел,48,False
hellis,Опытный,3,False
lhenry,Новичок,17,False
lisa87,Новичок,60,False
jimmy43,Опытный,55,False
erichaas,Бывалый,3,False
robin05,Профессионал,73,False
dustin33,Легенда,64,False
michaelmccarthy,Профессионал,47,False
kristin34,Новичок,55,False
maria38,Опытный,29,False
ujohnson,Любитель,34,False
fclarke,Легенда,7,False
mhampton,Новичок,57,False
xroberts,Любитель,64,False
emily08,Профессионал,76,False
richardsandrea,Бывалый,51,False
hopkinsjames,Легенда,56,False
greenalexis,Опытный,84,False
paigewilliamson,Любитель,68,False
austinlaura,Профессионал,9,False
bennettderek,Бывалый,35,False
emma85,Просто зашел,63,False
christopher50,Профессионал,90,False
heathertaylor,Профессионал,24,False
sophiabutler,Легенда,15,False
marc62,Опытный,2,False
ellisonnicole,Опытный,34,False
donna36,Любитель,80,False
andersonmichael,Знаток,99,False
danielleray,Бывалый,42,False
jeremy97,Знаток,14,False
williealvarez,Легенда,89,False
gjohnson,Бывалый,46,False
chavezanthony,Новичок,49,False
ymassey,Любитель,75,False
veronica14,Просто зашел,81,False
stevenflores,Профессионал,12,False
christopher99,Опытный,44,False
knightsarah,Бывалый,66,False
thompsonmelissa,Просто зашел,57,False
lbrown,Легенда,86,False
elizabethwallace,Бывалый,87,False
frank16,Опытный,9,False
andrea39,Бывалый,41,False
hrandall,Просто зашел,76,False
michael98,Знаток,93,False
meghan44,Опытный,19,False
brandyhuber,Профессионал,25,False
urollins,Опытный,2,False
umendoza,Профессионал,21,False
